Symbol,Daily_Rows,5m_Rows,Common_Trading_Days,Price_Correlation,Median_Ratio,Ratio_Spread,Daily_Invalid_OHLC,Daily_Extreme_Jumps,Alignment_Status
RELIANCE,1154,86214,1150,0.9988,1.0053,0.1077,0,0,Perfect
BHARTIARTL,1154,86241,1150,0.9999,1.0257,0.0409,0,0,Perfect
HDFCBANK,1154,86242,1150,0.9936,1.0416,0.0705,0,0,Perfect
ICICIBANK,1154,86242,1150,0.9998,1.024,0.0535,0,0,Perfect
SBIN,1154,86243,1150,0.9992,1.0539,0.0954,0,0,Perfect
TCS,1154,86243,1150,0.975,1.085,0.1406,0,0,Aligned
BAJFINANCE,1154,86240,1150,0.9998,1.0158,0.0303,0,0,Perfect
LT,1154,86241,1150,0.9997,1.0258,0.0542,0,0,Perfect
LICI,1064,79479,1060,0.9979,1.041,0.0879,0,0,Perfect
HINDUNILVR,1154,86223,1150,0.9551,1.0499,0.083,0,0,Aligned
INFY,1154,86242,1150,0.9637,1.0832,0.1381,0,0,Aligned
SUNPHARMA,1154,86232,1150,0.9997,1.0222,0.0533,0,0,Perfect
TITAN,1154,86228,1150,0.9999,1.0091,0.0346,0,0,Perfect
ADANIENT,1154,86248,1150,0.9986,0.9712,0.0477,0,0,Perfect
KOTAKBANK,1154,86244,1150,0.9996,1.004,0.0287,0,0,Perfect
MARUTI,1154,86230,1150,0.9997,1.0294,0.0536,0,0,Perfect
M&M,1154,86234,1150,0.9999,1.0245,0.0541,0,0,Perfect
ADANIPOWER,1154,86247,1150,1.0,1.0,0.0589,0,0,Perfect
AXISBANK,1154,86255,1150,0.9999,1.0026,0.019,0,0,Perfect
ADANIPORTS,1154,86245,1150,0.9999,1.0122,0.0316,0,0,Perfect
HCLTECH,1154,86238,1150,0.9851,1.1022,0.2042,0,0,Perfect
ULTRACEMCO,1154,86227,1150,0.9997,1.0321,0.0528,0,0,Perfect
ITC,1154,86235,1150,0.9617,1.147,0.2395,0,0,Aligned
BAJAJ-AUTO,1154,86232,1150,0.9991,1.0463,0.1277,0,0,Perfect
JSWSTEEL,1154,86230,1150,0.9996,1.0145,0.0611,0,0,Perfect
HAL,1154,86234,1150,0.9998,1.025,0.08,0,0,Perfect
BAJAJFINSV,1154,86238,1150,0.9999,1.0023,0.0222,0,0,Perfect
NTPC,1154,86236,1150,0.9985,1.0494,0.1676,0,0,Perfect
ETERNAL,1154,86229,1150,1.0,1.0,0.1163,0,0,Perfect
BEL,1154,86247,1150,1.0,1.0181,0.0669,0,0,Perfect
ONGC,1154,86248,1150,0.9865,1.1114,0.2717,0,0,Perfect
NESTLEIND,1154,86208,1150,0.9985,1.0254,0.0593,0,0,Perfect
HINDZINC,1154,86234,1150,0.985,1.0936,0.4209,0,0,Perfect
SHRIRAMFIN,1154,86228,1150,0.9999,1.0339,0.0937,0,0,Perfect
ASIANPAINT,1154,86237,1150,0.996,1.03,0.0511,0,0,Perfect
DMART,1154,86227,1150,0.9998,1.0,0.0231,0,0,Perfect
POWERGRID,1154,86231,1150,0.9949,1.0689,0.2224,0,0,Perfect
COALINDIA,1154,86248,1150,0.9867,1.1534,0.3622,0,0,Perfect
DIVISLAB,1153,86227,1150,0.9998,1.014,0.0387,0,0,Perfect
HINDALCO,1154,86235,1150,0.9999,1.0176,0.0435,0,0,Perfect
TATASTEEL,1154,86378,1150,0.9957,1.0641,0.1626,0,0,Perfect
GRASIM,1154,86206,1150,0.9999,1.0106,0.0297,0,0,Perfect
EICHERMOT,1154,86230,1150,0.9999,1.0336,0.0557,0,0,Perfect
ADANIGREEN,1154,86236,1150,1.0,1.0,0.0299,0,0,Perfect
TVSMOTOR,1154,86227,1150,1.0,1.0092,0.0358,0,0,Perfect
INDIGO,1153,86226,1150,1.0,1.0017,0.0335,0,0,Perfect
IOC,1154,86231,1150,0.9926,1.1202,0.2716,0,0,Perfect
ADANIENSOL,1154,86235,1150,1.0,1.0,0.0365,0,0,Perfect
TORNTPHARM,1154,86228,1150,0.9999,1.0218,0.0718,0,0,Perfect
SOLARINDS,1153,86143,1150,1.0,1.0025,0.0645,0,0,Perfect
HYUNDAI,463,34324,459,0.9993,1.0111,0.0455,0,0,Perfect
WIPRO,1154,86238,1150,0.9896,1.0799,0.0914,0,0,Perfect
VAML,55,4050,54,0.9541,1.0169,0.0372,0,0,Aligned
SBILIFE,1154,86228,1150,0.9999,1.0045,0.0385,0,0,Perfect
MOTHERSON,1154,86220,1150,0.9978,1.0149,0.3914,0,0,Perfect
TMCV,201,14849,197,0.998,1.0102,0.0612,0,0,Perfect
DLF,1154,86225,1150,0.9997,1.0242,0.0727,0,0,Perfect
PIDILITIND,1154,86241,1150,0.9989,1.0184,0.0321,0,0,Perfect
TECHM,1154,86232,1150,0.9807,1.0837,0.1696,0,0,Perfect
TATACAP,221,16286,217,0.9978,1.0017,0.046,0,0,Perfect
ABB,1154,86235,1150,0.9998,1.0269,0.0688,0,0,Perfect
IDEA,1154,86111,1150,0.9999,1.0,0.0702,0,0,Perfect
CHOLAFIN,1154,86229,1150,0.9999,1.004,0.0515,0,0,Perfect
JIOFIN,750,55845,744,0.9998,1.0037,0.0583,0,0,Perfect
ICICIAMC,174,12824,170,0.9977,1.003,0.042,0,0,Perfect
TRENT,1154,86229,1150,0.9697,0.669,0.5223,0,0,Aligned
BHEL,1154,86243,1150,1.0,1.0065,0.058,0,0,Perfect
POWERINDIA,1154,85999,1150,1.0,1.0017,0.0767,0,0,Perfect
SIEMENS,1153,86219,1150,0.9743,0.8625,0.1939,0,0,Aligned
CUMMINSIND,1154,86226,1150,0.9998,1.035,0.0803,0,0,Perfect
UNIONBANK,1154,86231,1150,0.9981,1.0913,0.1828,0,0,Perfect
VBL,1154,86232,1150,0.9999,1.0077,0.0639,0,0,Perfect
CGPOWER,1154,86232,1150,1.0,1.0047,0.0638,0,0,Perfect
BSE,1154,86244,1150,1.0,1.0096,0.0656,0,0,Perfect
LTM,1154,86225,1150,0.9919,1.0378,0.1058,0,0,Perfect
BPCL,1154,86234,1150,0.9935,1.1213,0.2129,0,0,Perfect
POLYCAB,1154,86229,1150,0.9999,1.0136,0.0464,0,0,Perfect
PNB,1154,86244,1150,0.9985,1.0696,0.1077,0,0,Perfect
BRITANNIA,1154,86232,1150,0.9986,1.0421,0.0804,0,0,Perfect
LODHA,1154,86223,1150,0.9999,1.0082,0.0675,0,0,Perfect
APOLLOHOSP,1154,86235,1150,0.9999,1.0068,0.0228,0,0,Perfect
BANKBARODA,1154,86240,1150,0.9955,1.0958,0.1575,0,0,Perfect
MUTHOOTFIN,1154,86228,1150,0.9998,1.0321,0.0853,0,0,Perfect
JINDALSTEL,1154,86225,1150,1.0,1.0056,0.0402,0,0,Perfect
GROWW,201,14856,197,0.9996,1.0001,0.0405,0,0,Perfect
HDFCLIFE,1154,86232,1150,0.9996,1.0085,0.0309,0,0,Perfect
INDIANB,1154,86232,1150,0.9995,1.0666,0.1491,0,0,Perfect
ZYDUSLIFE,1154,86227,1150,0.9998,1.0147,0.0417,0,0,Perfect
TMPV,1154,86228,1150,0.915,0.6214,0.6533,0,0,Aligned
CANBK,1154,86241,1150,0.9981,1.099,0.1726,0,0,Perfect
PFC,1154,86228,1150,0.9975,1.1043,0.3002,0,0,Perfect
ENRIN,300,22210,296,0.9995,1.0013,0.0446,0,0,Perfect
CIPLA,1154,86237,1150,0.9989,1.0279,0.0469,0,0,Perfect
SBIFUNDS,29,2180,29,0.9976,1.0,0.0071,0,0,Perfect
LGEINDIA,220,16221,216,0.9981,0.9996,0.0352,0,0,Perfect
VEDL,1154,86227,1150,0.6946,0.4437,1.4246,0,1,Aligned
GAIL,1154,86236,1150,0.9937,1.078,0.193,0,0,Perfect
TATAPOWER,1154,86239,1150,0.9997,1.0161,0.051,0,0,Perfect
HEROMOTOCO,1154,86229,1150,0.9965,1.0846,0.1805,0,0,Perfect
GVT&D,1154,82375,1149,1.0,1.0055,0.0883,0,0,Perfect
ABCAPITAL,1154,86236,1150,1.0,1.0,0.0483,0,0,Perfect
LENSKART,203,14994,199,0.9992,0.9995,0.0468,0,0,Perfect
HDFCAMC,1154,86229,1150,0.9995,1.0565,0.1147,0,0,Perfect
UNITDSPR,1154,86227,1150,0.9996,1.0245,0.0411,0,0,Perfect
IRFC,1154,86230,1150,0.9996,1.0356,0.2039,0,0,Perfect
MARICO,1154,86227,1150,0.9994,1.0223,0.0681,0,0,Perfect
OFSS,1154,86229,1150,0.9972,1.1029,0.2367,0,0,Perfect
PAYTM,1154,86235,1150,0.9999,1.0,0.0906,0,0,Perfect
LAURUSLABS,1154,86234,1150,1.0,1.0049,0.0293,0,0,Perfect
GMRAIRPORT,1154,86233,1150,1.0,1.0,0.0235,0,0,Perfect
ASHOKLEY,1154,86241,1150,0.9995,1.0541,0.1047,0,0,Perfect
MAZDOCK,1154,86223,1150,1.0,1.0181,0.0756,0,0,Perfect
TATACONSUM,1154,86228,1150,0.9992,1.0207,0.0478,0,0,Perfect
AMBUJACEM,1154,86237,1150,0.9995,1.0103,0.0461,0,0,Perfect
LLOYDSME,774,57790,770,0.9999,1.0012,0.089,0,0,Perfect
MANIPALHOS,18,1352,18,0.9981,0.9995,0.0134,0,0,Perfect
INDHOTEL,1154,86229,1150,0.9999,1.0096,0.0649,0,0,Perfect
INDUSTOWER,1154,86228,1150,0.9993,1.0376,0.1006,0,0,Perfect
IDBI,1154,86283,1150,0.9989,1.0369,0.0666,0,0,Perfect
LUPIN,1154,86225,1150,0.9999,1.0165,0.0384,0,0,Perfect
MAXHEALTH,1154,86227,1150,1.0,1.0047,0.0429,0,0,Perfect
MANKIND,821,61378,818,0.9998,1.0,0.0342,0,0,Perfect
DRREDDY,1154,86237,1150,0.9995,1.0175,0.036,0,0,Perfect
JSWENERGY,1154,86225,1150,0.9999,1.0091,0.0594,0,0,Perfect
BHARATFORG,1153,86230,1150,0.9999,1.0149,0.0519,0,0,Perfect
MEESHO,181,13344,177,0.999,1.0002,0.0467,0,0,Perfect
NYKAA,1154,86230,1150,0.9999,1.0,0.0459,0,0,Perfect
AUROPHARMA,1153,86229,1150,0.9999,1.0052,0.0376,0,0,Perfect
GODREJCP,1154,86226,1150,0.9964,1.0435,0.0607,0,0,Perfect
PERSISTENT,1154,86230,1150,0.9999,1.0153,0.0605,0,0,Perfect
DIXON,1154,86234,1150,1.0,1.0014,0.0552,0,0,Perfect
COFORGE,1154,86231,1150,0.9997,1.0248,0.064,0,0,Perfect
NAUKRI,1154,86224,1150,0.9998,1.0127,0.0491,0,0,Perfect
MCX,1154,86233,1150,1.0,1.0079,0.0365,0,0,Perfect
FEDERALBNK,1154,86228,1150,1.0,1.0148,0.0502,0,0,Perfect
POLICYBZR,1153,86229,1150,0.9999,1.0,0.1015,0,0,Perfect
RECLTD,1154,86366,1150,0.9967,1.117,0.3547,0,0,Perfect
SAIL,1154,86233,1150,0.9982,1.0213,0.1162,0,0,Perfect
AUBANK,1154,86235,1150,0.9999,1.0039,0.0544,0,0,Perfect
JSWINFRA,721,53856,717,0.9997,1.0054,0.0366,0,0,Perfect
LTF,1154,86230,1150,0.9998,1.0386,0.0681,0,0,Perfect
OIL,1154,86229,1150,0.9984,1.0585,0.2354,0,0,Perfect
ICICIGI,1154,86228,1150,0.9995,1.0163,0.0412,0,0,Perfect
LEAPIND,11,819,11,0.9924,1.002,0.0135,0,0,Perfect
BHARTIHEXA,593,44142,589,0.9994,1.0132,0.0557,0,0,Perfect
HINDPETRO,1154,86231,1150,0.9979,1.123,0.199,0,0,Perfect
INDUSINDBK,1154,86230,1150,0.999,1.0108,0.048,0,0,Perfect
SWIGGY,447,33188,443,0.9997,1.0,0.0494,0,0,Perfect
SRF,1154,86225,1150,0.9993,1.0079,0.0332,0,0,Perfect
HAVELLS,1154,86229,1150,0.9988,1.0173,0.0648,0,0,Perfect
NTPCGREEN,439,32636,435,0.9997,1.0001,0.0339,0,0,Perfect
NAM-INDIA,1154,86230,1150,0.9996,1.0604,0.1678,0,0,Perfect
NMDC,1154,86233,1150,0.9946,1.083,0.1714,0,0,Perfect
WAAREEENER,459,34025,455,0.9997,1.0,0.042,0,0,Perfect
NHPC,1154,86234,1150,0.9981,1.0528,0.1784,0,0,Perfect
APARINDS,1154,86168,1150,0.9999,1.0106,0.0982,0,0,Perfect
UNOMINDA,1154,86225,1150,0.9999,1.0068,0.0686,0,0,Perfect
ICICIPRULI,1154,86229,1150,0.9998,1.0061,0.0223,0,0,Perfect
NATIONALUM,1154,86232,1150,0.9991,1.1007,0.225,0,0,Perfect
IDFCFIRSTB,1154,86237,1150,0.9999,1.0062,0.0447,0,0,Perfect
GLENMARK,1154,86227,1150,1.0,1.0046,0.0345,0,0,Perfect
BAJAJHFL,488,36256,484,0.9999,1.0002,0.0312,0,0,Perfect
ATGL,1154,86277,1150,1.0,1.0014,0.0574,0,0,Perfect
FORTIS,1154,86224,1150,1.0,1.0038,0.0547,0,0,Perfect
YESBANK,1154,86241,1150,0.9999,1.0,0.0322,0,0,Perfect
PHOENIXLTD,1152,86221,1150,0.9999,1.0032,0.0731,0,0,Perfect
DABUR,1154,86234,1150,0.99,1.0377,0.0621,0,0,Perfect
PRESTIGE,1154,86222,1150,0.9999,1.0036,0.0674,0,0,Perfect
OBEROIRLTY,1153,86227,1150,0.9998,1.0123,0.0487,0,0,Perfect
BIOCON,1154,86232,1150,0.9997,1.0041,0.0241,0,0,Perfect
BANKINDIA,1154,86233,1150,0.9969,1.0907,0.1661,0,0,Perfect
ASTERDM,1154,86238,1150,0.9902,1.0235,0.3578,0,0,Perfect
MAHABANK,1154,86268,1150,0.9984,1.0816,0.1669,0,0,Perfect
SUZLON,1154,86160,1149,0.9999,1.0002,0.1173,0,0,Perfect
ALKEM,1153,86203,1150,0.9994,1.0216,0.0631,0,0,Perfect
ATHERENERG,332,24606,328,0.9999,1.0001,0.0557,0,0,Perfect
KALYANKJIL,1154,86240,1150,1.0,1.0054,0.0531,0,0,Perfect
IOB,1154,86277,1150,1.0,1.0,0.0621,0,0,Perfect
APLAPOLLO,1154,86234,1150,0.9999,1.007,0.0389,0,0,Perfect
WELCORP,1154,86270,1150,1.0,1.0148,0.0795,0,0,Perfect
MOTILALOFS,1154,86174,1150,0.3254,1.0008,0.807,0,1,Aligned
GICRE,1154,86263,1150,0.9986,1.0537,0.1117,0,0,Perfect
RADICO,1153,86224,1150,1.0,1.0054,0.0464,0,0,Perfect
TORNTPOWER,1154,86272,1150,0.9995,1.0316,0.1167,0,0,Perfect
GODREJPROP,1154,86225,1150,1.0,1.0048,0.0415,0,0,Perfect
SBICARD,1154,86230,1150,0.9989,1.0084,0.0309,0,0,Perfect
RBLBANK,1154,86232,1150,0.9999,1.0113,0.0627,0,0,Perfect
JSL,1154,86274,1150,0.9999,1.0116,0.0498,0,0,Perfect
BERGEPAINT,1154,86278,1150,0.9957,1.0201,0.0523,0,0,Perfect
COROMANDEL,1154,86275,1150,0.9999,1.0146,0.0541,0,0,Perfect
HDBFS,291,21535,287,0.9991,1.003,0.0336,0,0,Perfect
TIINDIA,1154,86220,1150,0.9998,1.0032,0.0471,0,0,Perfect
MFSL,1154,86227,1150,1.0,1.0,0.0458,0,0,Perfect
FACT,1154,86012,1150,1.0,1.0015,0.0705,0,0,Perfect
KEI,1154,86226,1150,1.0,1.0032,0.0553,0,0,Perfect
GLAXO,1154,86128,1150,0.9975,1.0524,0.1679,0,0,Perfect
FLUOROCHEM,1154,86187,1150,0.9996,1.0019,0.0665,0,0,Perfect
M&MFIN,1154,86274,1150,0.9983,1.0405,0.0814,0,0,Perfect
HINDCOPPER,1154,86288,1150,1.0,1.0094,0.0469,0,0,Perfect
ANTHEM,278,20558,274,0.9993,1.002,0.0366,0,0,Perfect
SONACOMS,1154,86226,1150,0.9988,1.0152,0.044,0,0,Perfect
VMM,424,31462,420,0.9996,1.0,0.0424,0,0,Perfect
COLPAL,1154,86229,1150,0.9967,1.0532,0.107,0,0,Perfect
IPCALAB,1153,86282,1150,0.9998,1.0083,0.0566,0,0,Perfect
360ONE,1153,67939,907,0.9997,1.0169,0.0927,0,0,Perfect
TATACOMM,1154,86271,1150,0.9975,1.031,0.088,0,0,Perfect
UPL,1154,86226,1150,0.9962,0.9979,0.063,0,0,Perfect
BDL,1154,79331,1058,0.9999,1.0091,0.0419,0,0,Perfect
GLAND,1153,86261,1150,0.9995,1.0261,0.0836,0,0,Perfect
THERMAX,1153,86184,1150,0.9998,1.0096,0.0628,0,0,Perfect
MPHASIS,1154,86225,1150,0.9792,1.0677,0.1244,0,0,Aligned
AIIL,587,43442,583,0.9998,1.0001,0.0876,0,0,Perfect
SUPREMEIND,1154,86199,1150,0.9996,1.0192,0.0719,0,0,Perfect
PREMIERENE,497,36876,493,0.9995,1.0,0.0362,0,0,Perfect
AEGISLOG,1152,86275,1149,0.9999,1.0213,0.0748,0,0,Perfect
BALKRISIND,1153,86274,1150,0.998,1.0156,0.0593,0,0,Perfect
RVNL,1154,86234,1150,0.9999,1.0157,0.1088,0,0,Perfect
AJANTPHARM,1153,86227,1150,0.9997,1.0303,0.0782,0,0,Perfect
PETRONET,1154,86230,1150,0.9845,1.0785,0.1867,0,0,Perfect
NAVINFLUOR,1153,86278,1150,0.9998,1.0067,0.0523,0,0,Perfect
INDOMIM,22,1647,22,0.9981,0.9985,0.0165,0,0,Perfect
POONAWALLA,1154,86274,1150,0.9998,1.0028,0.0778,0,0,Perfect
CPPLUS,267,19735,263,0.9999,0.9998,0.0368,0,0,Perfect
ENDURANCE,1154,86237,1150,0.9998,1.0112,0.0441,0,0,Perfect
ASTRAL,1154,86236,1150,0.9998,1.0067,0.0316,0,0,Perfect
COCHINSHIP,1154,86205,1150,0.9999,1.0148,0.0965,0,0,Perfect
JKCEMENT,1154,86254,1150,0.9999,1.0098,0.0797,0,0,Perfect
VOLTAS,1154,86230,1150,0.9997,1.0113,0.0354,0,0,Perfect
MEDANTA,936,70203,933,0.9999,1.0007,0.066,0,0,Perfect
NH,1154,86272,1150,0.9999,1.0077,0.0693,0,0,Perfect
GODREJIND,1154,86134,1150,0.9999,1.0,0.0768,0,0,Perfect
CONCOR,1154,86230,1150,0.9452,0.8461,0.2824,0,0,Aligned
IRCTC,1154,86281,1150,0.9979,1.0278,0.0588,0,0,Perfect
KPRMILL,1154,86268,1150,0.9997,1.0132,0.0669,0,0,Perfect
HFCL,1154,86281,1150,0.9999,1.0028,0.0485,0,0,Perfect
CUPID,1154,79161,1090,1.0,1.0024,0.067,0,0,Perfect
PATANJALI,1154,75173,1004,0.9993,1.0171,0.2379,0,0,Perfect
LTTS,1154,86272,1150,0.9959,1.0333,0.0684,0,0,Perfect
EXIDEIND,1154,86283,1150,0.9999,1.0135,0.0438,0,0,Perfect
NLCINDIA,1154,86279,1150,0.9996,1.0345,0.1305,0,0,Perfect
STLTECH,1154,86253,1150,0.9999,1.0015,0.068,0,0,Perfect
ANANDRATHI,1154,85107,1150,1.0,1.0112,0.0868,0,0,Perfect
PIIND,1154,86227,1150,0.9995,1.0119,0.0365,0,0,Perfect
HUDCO,1154,86277,1150,0.9991,1.0717,0.2374,0,0,Perfect
EMCURE,533,39666,529,0.9997,1.0006,0.0539,0,0,Perfect
UBL,1154,86255,1150,0.9987,1.0162,0.0457,0,0,Perfect
DELHIVERY,1059,79095,1055,0.9999,1.0,0.0557,0,0,Perfect
PWL,197,14546,193,0.9987,0.9997,0.0634,0,0,Perfect
DALBHARAT,1153,86227,1150,0.9989,1.0113,0.0481,0,0,Perfect
HSCL,1154,86203,1149,1.0,1.0042,0.0691,0,0,Perfect
ITCHOTELS,394,29340,390,0.9995,1.0062,0.093,0,0,Perfect
TATATECH,682,50923,678,0.9993,1.0299,0.0691,0,0,Perfect
STARHEALTH,1154,86266,1150,0.9999,1.0,0.0392,0,0,Perfect
ESCORTS,1154,86269,1150,0.9995,1.028,0.0485,0,0,Perfect
KARURVYSYA,1154,86275,1150,0.9999,1.0271,0.0906,0,0,Perfect
GODFRYPHLP,1154,85880,1150,0.9999,1.0404,0.1007,0,0,Perfect
NUVAMA,725,53327,710,0.999,1.0265,0.1072,0,0,Perfect
IREDA,683,50951,679,0.9998,1.0053,0.1165,0,0,Perfect
RRKABEL,727,54372,722,0.9997,1.0077,0.0623,0,0,Perfect
MANAPPURAM,1154,86228,1150,0.9997,1.0339,0.1072,0,0,Perfect
KIMS,1154,85897,1150,0.9999,1.0,0.0447,0,0,Perfect
LALPATHLAB,1154,86273,1150,0.9985,1.0227,0.0576,0,0,Perfect
JUBLFOOD,1154,41149,548,0.9999,1.0092,0.0124,0,0,Perfect
TATAINVEST,1154,86092,1149,0.9999,1.012,0.0982,0,0,Perfect
WOCKPHARMA,1154,86194,1149,0.9999,1.0,0.1063,0,0,Perfect
UCOBANK,1154,86276,1150,0.9997,1.0329,0.07,0,0,Perfect
SAILIFE,424,31510,420,0.9998,0.9998,0.0402,0,0,Perfect
KIRLOSENG,1153,85973,1150,0.9999,1.016,0.1044,0,0,Perfect
NIACL,1154,86222,1150,0.9994,1.0246,0.0642,0,0,Perfect
SHYAMMETL,1154,86197,1150,0.9999,1.0142,0.051,0,0,Perfect
PNBHOUSING,1154,86197,1150,0.9999,1.0129,0.039,0,0,Perfect
BLUESTARCO,1154,86181,1150,0.9999,1.0127,0.0841,0,0,Perfect
NETWEB,766,57133,761,0.9999,1.0022,0.1106,0,0,Perfect
ABSLAMC,1154,86252,1150,0.9989,1.0723,0.1221,0,0,Perfect
IKS,422,31416,419,0.9983,0.9999,0.0689,0,0,Perfect
GRSE,1154,86214,1150,1.0,1.0162,0.0701,0,0,Perfect
AEGISVOPAK,313,23155,309,0.9993,0.9993,0.0392,0,0,Perfect
RUBICON,216,16019,214,0.9998,1.0012,0.057,0,0,Perfect
CDSL,1154,86239,1150,0.9998,1.0257,0.0819,0,0,Perfect
MRPL,1154,86278,1150,0.9996,1.0316,0.0642,0,0,Perfect
LICHSGFIN,1154,86231,1150,0.9974,1.0509,0.0921,0,0,Perfect
PPLPHARMA,957,71419,952,0.9998,1.0013,0.0467,0,0,Perfect
CRAFTSMAN,1152,85818,1150,0.9999,1.0045,0.0664,0,0,Perfect
SCHNEIDER,1154,86136,1149,1.0,1.0,0.0524,0,0,Perfect
REDINGTON,1154,86278,1150,0.9968,1.0724,0.1815,0,0,Perfect
SYRMA,993,74179,989,1.0,1.0055,0.0868,0,0,Perfect
APOLLOTYRE,1154,86279,1150,0.999,1.034,0.0697,0,0,Perfect
CHOLAHLDNG,1154,84504,1150,0.9999,1.0024,0.0869,0,0,Perfect
IIFL,1154,86272,1150,0.9989,0.9999,0.0936,0,0,Perfect
ACMESOLAR,447,33239,443,0.9998,1.0011,0.0346,0,0,Perfect
CENTRALBK,1154,86279,1150,0.9997,1.0375,0.0914,0,0,Perfect
BANDHANBNK,1154,86230,1150,0.9997,1.0247,0.05,0,0,Perfect
AMBER,1154,86212,1150,1.0,1.0,0.0469,0,0,Perfect
ACUTAAS,1154,86118,1150,1.0,1.004,0.0683,0,0,Perfect
ANGELONE,1154,86237,1150,0.9988,1.0393,0.0999,0,0,Perfect
ITI,1154,86041,1150,0.9999,1.0,0.0625,0,0,Perfect
KAYNES,935,69849,931,1.0,1.0,0.0566,0,0,Perfect
URBANCO,238,17557,234,0.9994,1.0001,0.0348,0,0,Perfect
DATAPATTNS,1154,86226,1150,1.0,1.0074,0.0407,0,0,Perfect
SUMICHEM,1154,86260,1150,0.998,1.0087,0.0422,0,0,Perfect
METROBRAND,1152,85886,1150,0.9988,1.0222,0.0802,0,0,Perfect
AWL,1129,84394,1125,1.0,1.0052,0.0522,0,0,Perfect
SJVN,1154,86272,1150,0.9993,1.0433,0.1559,0,0,Perfect
SUNDRMFAST,1153,86057,1150,0.9986,1.0176,0.0551,0,0,Perfect
MSUMI,1097,81921,1092,0.9923,1.0406,0.0835,0,0,Perfect
CGCL,1154,81074,1109,-0.3112,0.9968,0.7724,0,1,Aligned
ACC,1154,86290,1150,0.9987,1.0117,0.0514,0,0,Perfect
ASAHIINDIA,1154,86007,1150,0.9998,1.0059,0.054,0,0,Perfect
GODIGIT,566,42068,563,0.9983,0.9997,0.0656,0,0,Perfect
IFCI,1154,86289,1150,1.0,1.0,0.0537,0,0,Perfect
GABRIEL,1154,86256,1150,1.0,1.0167,0.1229,0,0,Perfect
SANSERA,1154,86203,1150,1.0,1.0045,0.0521,0,0,Perfect
DEEPAKNTR,1153,86278,1150,0.9996,1.0108,0.0289,0,0,Perfect
GUJENERGY,1153,86260,1150,0.9975,1.0215,0.0678,0,0,Perfect
KPIL,1153,86179,1150,0.9998,1.0204,0.0776,0,0,Perfect
JYOTICNC,650,48512,646,0.9997,1.0,0.0528,0,0,Perfect
NBCC,1154,86231,1150,0.9999,1.0232,0.0509,0,0,Perfect
KIOCL,1154,82377,1150,0.9999,1.0,0.056,0,0,Perfect
IRB,1154,86284,1150,0.9998,1.0167,0.0563,0,0,Perfect
TATAELXSI,1154,86224,1150,0.9991,1.0377,0.0556,0,0,Perfect
PFOCUS,1153,72332,1150,0.9999,1.0,0.109,0,0,Perfect
AFFLE,1154,86277,1150,0.9999,1.0,0.0307,0,0,Perfect
AETHER,1051,78321,1047,0.9997,1.0,0.0604,0,0,Perfect
EMMVEE,197,14544,193,0.9999,0.9999,0.0224,0,0,Perfect
CREDITACC,1154,86184,1150,0.9996,1.0058,0.0539,0,0,Perfect
BELRISE,316,23411,312,0.9999,1.0008,0.0283,0,0,Perfect
CUB,1154,86279,1150,0.9997,1.0279,0.0507,0,0,Perfect
ANANTRAJ,1154,86184,1150,1.0,1.005,0.0553,0,0,Perfect
CEMPRO,1154,86183,1150,1.0,1.0087,0.0486,0,0,Perfect
HAPPYFORGE,664,48689,660,0.9997,1.005,0.0454,0,0,Perfect
TENNIND,196,14469,192,0.9979,0.9995,0.0443,0,0,Perfect
SAGILITY,448,33306,444,0.9995,1.0033,0.0324,0,0,Perfect
MTARTECH,1154,86271,1150,0.9999,1.0,0.0711,0,0,Perfect
CARBORUNIV,1153,86113,1150,0.9997,1.0101,0.0376,0,0,Perfect
RAMCOCEM,1153,86241,1150,0.9996,1.0072,0.0326,0,0,Perfect
BRIGADE,1154,86242,1150,0.9999,1.0078,0.0505,0,0,Perfect
GRANULES,1153,86277,1150,0.9999,1.0075,0.0264,0,0,Perfect
IGL,1154,86277,1150,0.9774,1.0494,0.1077,0,0,Aligned
AADHARHFC,572,42574,568,0.9991,1.0,0.0573,0,0,Perfect
CHENNPETRO,1154,86258,1150,0.9983,1.1075,0.1838,0,0,Perfect
ELGIEQUIP,1154,86261,1150,0.9996,1.0116,0.0442,0,0,Perfect
FINCABLES,1154,86261,1150,0.9997,1.0146,0.1268,0,0,Perfect
CHALET,1154,86190,1150,0.9999,1.0011,0.0533,0,0,Perfect
JINDALSAW,1154,86252,1150,0.9998,1.0233,0.0959,0,0,Perfect
CESC,1154,86278,1150,0.9962,1.1059,0.2501,0,0,Perfect
AARTIIND,1154,86273,1150,0.9838,1.0023,0.1326,0,0,Perfect
KAJARIACER,1154,86258,1150,0.9965,1.018,0.0593,0,0,Perfect
INOXINDIA,666,49700,662,0.9998,1.0025,0.0461,0,0,Perfect
CAPLIPOINT,1153,86166,1150,0.9999,1.0076,0.0661,0,0,Perfect
GESHIP,1154,86233,1150,0.9982,1.0762,0.1763,0,0,Perfect
PINELABS,199,14701,195,0.9997,1.0004,0.0356,0,0,Perfect
CAMS,1154,86230,1150,0.9986,1.0428,0.0846,0,0,Perfect
FSL,1154,86274,1150,0.9994,1.035,0.118,0,0,Perfect
SUNTV,1154,86262,1150,0.9893,1.057,0.1319,0,0,Perfect
HBLENGINE,1154,86275,1150,1.0,1.0059,0.0667,0,0,Perfect
EIHOTEL,1154,86166,1150,0.9999,1.0113,0.0602,0,0,Perfect
THELEELA,312,23150,309,0.9981,0.9994,0.0307,0,0,Perfect
TRITURBINE,1154,86258,1150,0.9998,1.0154,0.1574,0,0,Perfect
DIACABS,1154,37847,723,0.9999,1.0,0.0542,0,1,Perfect
AZAD,663,49496,659,0.9999,1.0,0.0449,0,0,Perfect
ECLERX,1154,86184,1150,0.9999,1.0018,0.0524,0,0,Perfect
CASTROLIND,1154,86277,1150,0.9883,1.1443,0.2604,0,0,Perfect
TBOTEK,572,42422,568,0.9993,0.9997,0.0831,0,0,Perfect
ERIS,1152,85802,1150,0.9999,1.0111,0.0684,0,0,Perfect
DEEPAKFERT,1154,86279,1150,0.9997,1.021,0.0916,0,0,Perfect
GMDCLTD,1154,86275,1150,0.9994,1.0451,0.1277,0,0,Perfect
OLAELEC,513,38129,509,0.9999,1.0,0.1445,0,0,Perfect
WELSPUNLIV,1154,86275,1150,0.9996,1.0137,0.1164,0,0,Perfect
SARDAEN,1154,85256,1150,1.0,1.0099,0.0576,0,0,Perfect
SHILPAMED,1154,85740,1150,0.9999,1.0013,0.093,0,0,Perfect
ONESOURCE,398,29527,394,0.9984,0.9983,0.0874,0,0,Perfect
POLYMED,1154,85549,1150,0.9999,1.0058,0.0752,0,0,Perfect
CHOICEIN,1087,76783,1084,1.0,1.0,0.0432,0,0,Perfect
DEVYANI,1154,86276,1150,0.9998,1.0,0.0503,0,0,Perfect
PARADEEP,1056,78917,1052,0.9999,1.0095,0.0521,0,0,Perfect
COHANCE,1154,86270,1150,0.9998,1.0,0.0652,0,0,Perfect
VTL,1154,86145,1150,0.999,1.0286,0.0759,0,0,Perfect
TRAVELFOOD,283,20752,279,0.9978,1.0002,0.0341,0,0,Perfect
JSWCEMENT,260,19208,256,0.9995,1.0036,0.0186,0,0,Perfect
ABDL,539,40148,536,0.9998,1.0122,0.0413,0,0,Perfect
SAMMAANCAP,1154,86278,1150,0.9991,1.012,0.0583,0,0,Perfect
THANGAMAYL,1154,80807,1150,0.9999,0.9934,0.071,0,0,Perfect
CHAMBLFERT,1154,86278,1150,0.9958,1.051,0.1149,0,0,Perfect
ARE&M,1154,86278,1150,0.9996,1.0242,0.0586,0,0,Perfect
MINDACORP,1153,86262,1150,0.9999,1.0072,0.0411,0,0,Perfect
ZYDUSWELL,1154,85699,1150,0.9997,1.0073,0.0465,0,0,Perfect
CENTURYPLY,1153,85821,1150,0.9994,1.0037,0.0699,0,0,Perfect
PGEL,1154,84137,1150,1.0,1.0008,0.0999,0,0,Perfect
KPITTECH,1154,86234,1150,0.9999,1.0205,0.0422,0,0,Perfect
TATACHEM,1154,86276,1150,0.9915,1.0396,0.0768,0,0,Perfect
ALIVUS,1153,85986,1150,0.999,1.0069,0.1513,0,0,Perfect
EMAMILTD,1154,86257,1150,0.9941,1.0415,0.1052,0,0,Perfect
BEML,1154,73557,981,0.9998,1.0109,0.0459,0,0,Perfect
J&KBANK,1154,86274,1150,0.9991,1.0391,0.0851,0,0,Perfect
MILKYMIST,9,671,9,0.9955,1.0,0.0218,0,0,Perfect
AEQUS,181,13345,177,0.9999,1.0001,0.0325,0,0,Perfect
CMPDI,107,7800,104,0.9995,1.0081,0.0214,0,0,Perfect
ZENTEC,1154,86239,1150,1.0,1.0028,0.0384,0,0,Perfect
PSB,1154,85907,1150,0.9998,1.0217,0.0671,0,0,Perfect
KFINTECH,908,67821,904,0.9998,1.0215,0.0547,0,0,Perfect
SYNGENE,1154,86271,1150,0.9998,1.0063,0.0466,0,0,Perfect
ASTRAMICRO,1154,86038,1150,1.0,1.0051,0.0369,0,0,Perfect
GPIL,1154,86274,1150,-0.3637,1.0022,0.8363,0,1,Aligned
AGARWALEYE,388,28643,386,0.9983,0.999,0.0533,0,0,Perfect
NAVA,1154,86225,1150,0.9999,1.0325,0.0914,0,0,Perfect
APLLTD,1154,86116,1150,0.9978,1.0362,0.0877,0,0,Perfect
DCMSHRIRAM,1153,85588,1150,0.9952,1.0205,0.0682,0,0,Perfect
FIVESTAR,935,69769,932,0.9997,1.0067,0.0437,0,0,Perfect
BHARATCOAL,154,11402,151,0.999,1.0006,0.0329,0,0,Perfect
KANSAINER,1152,86214,1150,0.9979,1.0392,0.0626,0,0,Perfect
VOGL,55,4051,54,0.9981,1.0007,0.0222,0,0,Perfect
BIKAJI,938,70171,935,0.9999,1.0035,0.0623,0,0,Perfect
CONCORDBIO,751,56052,747,0.9995,1.0114,0.0616,0,0,Perfect
ABREL,1154,86246,1150,0.9999,1.0048,0.0929,0,0,Perfect
HONASA,696,52029,693,0.9998,1.0058,0.0534,0,0,Perfect
NATCOPHARM,1154,86265,1150,0.9996,1.0132,0.0427,0,0,Perfect
LTFOODS,1154,86270,1150,0.9999,1.0177,0.0662,0,0,Perfect
KIRLOSBROS,1154,84086,1150,0.9999,1.01,0.1064,0,0,Perfect
JBMA,1154,86162,1150,0.9999,1.003,0.0781,0,0,Perfect
NIVABUPA,445,33144,442,0.9986,1.0,0.0394,0,0,Perfect
VISL,55,4048,54,0.9998,1.0,0.0194,0,0,Perfect
SHAILY,1092,68147,1087,1.0,1.0019,0.0751,0,0,Perfect
USHAMART,1154,86246,1150,0.9998,1.0218,0.0638,0,0,Perfect
CROMPTON,1154,86231,1150,0.998,1.0267,0.0566,0,0,Perfect
CCL,1154,86229,1150,0.9999,1.0127,0.0499,0,0,Perfect
VIJAYA,1153,85861,1150,0.9999,1.0037,0.0516,0,0,Perfect
MARKSANS,1154,86280,1150,0.9999,1.0089,0.0899,0,0,Perfect
AVALON,836,62427,832,0.9999,1.0,0.0681,0,0,Perfect
CIEINDIA,1152,86232,1150,0.9984,1.038,0.0813,0,0,Perfect
ARVIND,1154,86267,1150,0.9998,1.0219,0.0937,0,0,Perfect
SIGMAADV,1153,69476,1150,1.0,1.0,0.0596,0,0,Perfect
JNPR,17,1270,17,0.985,0.9993,0.0298,0,0,Perfect
CLEANMAX,124,9142,122,0.9993,1.0003,0.0483,0,0,Perfect
RAINBOW,1068,79866,1065,0.9998,1.006,0.0614,0,0,Perfect
IGIL,416,31359,412,0.9989,1.0162,0.0814,0,0,Perfect
CANHLIFE,217,15972,213,0.9981,1.0019,0.0414,0,0,Perfect
VGUARD,1153,86252,1150,0.9997,1.0112,0.0639,0,0,Perfect
FRACTAL,135,9898,132,0.9989,1.0003,0.026,0,0,Perfect
CARTRADE,1154,86244,1150,1.0,1.0,0.0916,0,0,Perfect
NAZARA,1154,86249,1150,0.9999,1.0,0.0423,0,0,Perfect
APOLLO,1154,85418,1150,1.0,1.0018,0.0603,0,0,Perfect
NSLNISP,872,65109,867,0.9999,1.0003,0.0375,0,0,Perfect
SHADOWFAX,148,10948,145,0.9997,0.9999,0.0643,0,0,Perfect
ANURAS,1153,85555,1150,0.9998,1.0021,0.0674,0,0,Perfect
EIDPARRY,1153,86263,1150,0.9997,1.0029,0.0609,0,0,Perfect
VEDPOWER,55,4048,54,0.9968,1.0018,0.0403,0,0,Perfect
ENGINERSIN,1154,86277,1150,0.9991,1.0411,0.1369,0,0,Perfect
HEG,1154,86276,1150,0.9995,1.018,0.0854,0,0,Perfect
CEATLTD,1154,86267,1150,0.9998,1.0302,0.0702,0,0,Perfect
PRUDENT,1060,77840,1057,0.9999,1.0039,0.1138,0,0,Perfect
JUBLPHARMA,1153,86156,1150,0.9998,1.0141,0.0842,0,0,Perfect
TI,1154,85344,1150,1.0,1.0043,0.0587,0,0,Perfect
TMB,979,63518,849,0.9966,1.0437,0.1058,0,0,Perfect
INDGN,574,42703,570,0.9993,1.0055,0.0354,0,0,Perfect
GALLANTT,1153,76925,1149,0.9999,1.0043,0.071,0,0,Perfect
SCI,1154,86265,1150,0.995,1.059,0.2403,0,0,Perfect
BALRAMCHIN,1154,86297,1150,0.9989,1.0141,0.0835,0,0,Perfect
KSB,1154,85447,1150,0.9998,1.0124,0.0714,0,0,Perfect
UTLSOLAR,195,14367,191,0.9999,1.0,0.0341,0,0,Perfect
VENTIVE,417,29303,413,0.9977,1.0,0.0647,0,0,Perfect
RKFORGE,1154,86259,1150,0.9999,1.0062,0.0456,0,0,Perfect
GRAPHITE,1154,86277,1150,0.9951,1.0489,0.1004,0,0,Perfect
SOBHA,1153,86249,1150,0.9997,0.9897,0.0578,0,0,Perfect
ACE,1154,86266,1150,0.9999,1.005,0.0675,0,0,Perfect
LUMAXTECH,1153,85011,1150,1.0,1.0179,0.0714,0,0,Perfect
GRAVITA,1154,85987,1150,0.9999,1.0082,0.0627,0,0,Perfect
ATLANTAELE,229,16913,226,0.9998,1.0,0.0424,0,0,Perfect
DOMS,667,49797,664,0.9997,1.0023,0.052,0,0,Perfect
MANYAVAR,1122,83914,1119,0.9997,1.0166,0.0539,0,0,Perfect
SEDEMAC,119,8697,116,0.9998,1.0005,0.0309,0,0,Perfect
BBOX,1154,80341,1150,1.0,1.0036,0.0721,0,0,Perfect
UJJIVANSFB,1154,86278,1150,0.9985,1.0342,0.1019,0,0,Perfect
SPLPETRO,1154,65603,899,0.9987,1.0272,0.1305,0,0,Perfect
SUDEEPPHRM,189,13798,185,0.9997,1.0013,0.0322,0,0,Perfect
WABAG,1154,86243,1150,1.0,1.005,0.0636,0,0,Perfect
SWANDEF,1151,12482,210,0.9999,1.0,0.0525,0,1,Perfect
LLOYDSENGG,1154,86262,1150,0.9926,0.9296,0.1572,0,0,Perfect
APTUS,1154,86205,1150,0.9883,1.0355,0.077,0,0,Perfect
CORONA,177,12713,174,0.9994,1.0037,0.0389,0,0,Perfect
PCBL,1154,86274,1150,0.9992,1.0486,0.1656,0,0,Perfect
E2E,1154,59644,1081,1.0,1.0,0.1083,0,0,Perfect
SKYGOLD,902,63004,896,1.0,1.0007,0.0707,0,0,Perfect
VARROC,1153,86124,1150,0.9999,1.0038,0.0732,0,0,Perfect
PARKHOSPS,176,12969,172,0.9998,0.9998,0.0384,0,0,Perfect
HOMEFIRST,1153,86103,1150,0.9997,1.0111,0.0592,0,0,Perfect
KTKBANK,1154,86270,1150,0.9977,1.0524,0.1367,0,0,Perfect
ASKAUTOLTD,692,51614,688,0.9997,1.0057,0.0469,0,0,Perfect
TEGA,1153,85520,1150,0.9999,1.0033,0.0751,0,0,Perfect
INOXWIND,1154,85880,1150,0.9999,0.9858,0.0548,0,0,Perfect
TRIDENT,1154,86276,1150,0.9988,1.0446,0.072,0,0,Perfect
JMFINANCIL,1154,86204,1150,0.9989,1.0693,0.126,0,0,Perfect
AMAGI,152,11158,149,0.9995,0.9997,0.0507,0,0,Perfect
METROPOLIS,1154,86132,1150,0.9995,1.0059,0.0578,0,0,Perfect
AKUMS,513,38294,511,0.9998,1.0047,0.0372,0,0,Perfect
BLUESTONE,257,19045,254,0.9995,0.9995,0.0624,0,0,Perfect
PVRINOX,1153,86269,1149,0.9999,1.0,0.081,0,0,Perfect
TECHNOE,1154,85405,1150,0.9999,1.0106,0.0513,0,0,Perfect
SOUTHBANK,1154,86283,1150,0.9983,1.0093,0.0981,0,0,Perfect
EDELWEISS,1154,86081,1150,0.9519,1.0247,1.0373,0,0,Aligned
TDPOWERSYS,1154,85811,1150,1.0,1.0079,0.0666,0,0,Perfect
GODREJAGRO,1154,86034,1150,0.9971,1.0436,0.0928,0,0,Perfect
VIYASH,1154,86269,1150,0.9999,1.0,0.0927,0,0,Perfect
NUVOCO,1154,86094,1150,0.9996,1.0,0.0448,0,0,Perfect
PARAS,1154,86272,1150,0.657,0.5013,1.0612,0,0,Aligned
CYIENT,1154,86276,1150,0.9982,1.039,0.1051,0,0,Perfect
JPPOWER,1154,86204,1149,1.0,1.0,0.057,0,0,Perfect
IRCON,1154,86278,1150,0.9996,1.0316,0.12,0,0,Perfect
INDIACEM,1154,86238,1150,0.9999,1.0,0.0473,0,0,Perfect
UTIAMC,1154,86256,1150,0.9902,1.121,0.1811,0,0,Perfect
KEC,1154,86258,1150,0.9998,1.0216,0.0475,0,0,Perfect
MANORAMA,1031,67913,1027,1.0,1.0019,0.0988,0,0,Perfect
AVANTIFEED,1153,86247,1150,0.9997,1.0328,0.0731,0,0,Perfect
TITAGARH,1154,86234,1150,1.0,1.0024,0.0482,0,0,Perfect
LLOYDSENT,465,34500,462,0.9826,0.9967,0.1193,0,0,Perfect
QPOWER,376,27896,372,0.9998,1.0002,0.114,0,0,Perfect
RATEGAIN,1153,86150,1150,0.9999,1.0,0.0502,0,0,Perfect
SIGNATURE,722,53555,720,0.9997,1.0,0.0702,0,0,Perfect
JKTYRE,1154,86279,1150,0.9998,1.0272,0.0545,0,0,Perfect
SBFC,752,56250,748,0.9995,1.0001,0.0422,0,0,Perfect
BLUEJET,701,52170,697,0.9998,1.0018,0.083,0,0,Perfect
BBTC,1154,85283,1150,0.9997,1.0186,0.0842,0,0,Perfect
JUBLINGREA,1154,86253,1150,0.999,1.0185,0.0585,0,0,Perfect
IEX,1154,86231,1150,0.9943,1.054,0.0827,0,0,Perfect
CANFINHOME,1154,86273,1150,0.9981,1.036,0.0627,0,0,Perfect
MGL,1153,86269,1150,0.9959,1.0613,0.1283,0,0,Perfect
OLECTRA,1154,86260,1150,1.0,1.0009,0.0671,0,0,Perfect
BLACKBUCK,441,32737,437,0.9994,0.9996,0.0743,0,0,Perfect
ZENSARTECH,1154,86269,1150,0.9993,1.0528,0.0941,0,0,Perfect
KWIL,135,9896,132,0.9997,1.0005,0.0433,0,0,Perfect
PGIL,1153,45921,633,0.9998,1.0113,0.0591,0,0,Perfect
GENUSPOWER,1154,85982,1150,0.9999,1.0096,0.0708,0,0,Perfect
SHREEJISPG,253,18593,249,0.9999,1.0003,0.0459,0,0,Perfect
PCJEWELLER,1154,63456,845,0.9937,1.0009,0.561,0,0,Perfect
INDIAMART,1154,86280,1150,0.9949,1.0568,0.0927,0,0,Perfect
AFCONS,454,33762,450,0.9997,1.0084,0.0618,0,0,Perfect
KRN,476,35339,472,0.9998,0.9998,0.0348,0,0,Perfect
JWL,1154,85256,1150,1.0,1.0059,0.0713,0,0,Perfect
IIFLCAPS,1153,85910,1149,0.9988,1.0333,0.3312,0,0,Perfect
RITES,1154,86251,1150,0.9945,1.0644,0.2016,0,0,Perfect
HCG,1154,85185,1150,0.9999,0.9939,0.0811,0,0,Perfect
ABLBL,297,22058,293,0.9998,1.005,0.0224,0,0,Perfect
WHIRLPOOL,1154,86234,1150,0.9998,1.0123,0.0487,0,0,Perfect
AAVAS,1154,86274,1150,0.9999,1.0,0.0438,0,0,Perfect
KRBL,1153,86238,1150,0.9982,1.0212,0.0524,0,0,Perfect
SANDUMA,737,54762,733,0.9998,1.0055,0.0603,0,0,Perfect
FINPIPE,1152,86277,1150,0.9981,1.0243,0.0817,0,0,Perfect
SGMART,240,17092,237,0.9998,0.9992,0.0538,0,0,Perfect
JAINREC,226,16808,222,0.9992,0.999,0.042,0,0,Perfect
SUDARSCHEM,1153,85962,1150,0.9999,1.0128,0.0567,0,0,Perfect
BLS,1154,86237,1150,0.9999,1.0116,0.0663,0,0,Perfect
TEJASNET,1154,86250,1150,1.0,1.0036,0.0687,0,0,Perfect
ZEEL,1154,86280,1150,0.9998,1.0282,0.0787,0,0,Perfect
FIRSTCRY,511,37973,507,0.9999,0.9998,0.0462,0,0,Perfect
JAYNECOIND,1154,78989,1150,0.9999,1.0,0.0783,0,0,Perfect
WEWORK,220,16207,218,0.9986,0.9988,0.0893,0,0,Perfect
ELECON,1154,86261,1150,0.9999,1.0086,0.0791,0,0,Perfect
INTELLECT,1154,86272,1150,0.9997,1.0178,0.0643,0,0,Perfect
SAREGAMA,1153,86182,1150,0.9917,1.0227,0.1067,0,0,Perfect
MMTC,1154,86269,1150,0.9999,1.0,0.0538,0,0,Perfect
STAR,1154,86240,1150,0.9999,1.0108,0.1154,0,0,Perfect
PRICOLLTD,1153,86245,1150,0.9999,1.0034,0.0654,0,0,Perfect
SWANCORP,1154,85315,1150,0.9999,1.0012,0.0636,0,0,Perfect
YATHARTH,759,56698,755,0.9999,1.0009,0.0852,0,0,Perfect
NCC,1154,86279,1150,0.9998,1.032,0.0795,0,0,Perfect
THYROCARE,1154,85828,1150,0.9983,1.0541,0.1345,0,0,Perfect
RPOWER,1154,86197,1149,1.0,1.0,0.0748,0,0,Perfect
WELENT,1154,76053,1028,0.9999,1.0173,0.0969,0,0,Perfect
PRECWIRE,1154,85700,1150,1.0,1.015,0.0604,0,0,Perfect
TIMETECHNO,1154,86265,1150,0.9999,1.0104,0.0782,0,0,Perfect
WAAREERTL,347,25745,343,0.9993,1.0006,0.0317,0,0,Perfect
SHIPROCKET,8,595,8,0.9738,0.9969,0.0343,0,0,Aligned
LOTUSDEV,266,19632,262,0.9995,1.0,0.0594,0,0,Perfect
TARIL,1154,85518,1149,1.0,1.0025,0.1078,0,0,Perfect
TSFINV,1154,81524,1150,0.9997,1.0641,0.1706,0,0,Perfect
RAILTEL,1154,86278,1150,0.9998,1.023,0.0853,0,0,Perfect
BANCOINDIA,1153,85763,1150,0.9996,1.0602,0.2583,0,0,Perfect
CLEAN,1154,86272,1150,0.9999,1.01,0.039,0,0,Perfect
RELAXO,1153,86269,1150,0.9999,1.0104,0.0797,0,0,Perfect
MAHSEAMLES,1154,86166,1150,0.9989,1.0301,0.0646,0,0,Perfect
MAXESTATES,701,49984,688,0.9997,1.0,0.0423,0,0,Perfect
PNGJL,487,36168,483,0.9993,1.0002,0.0547,0,0,Perfect
BATAINDIA,1154,86273,1150,0.9984,1.07,0.1046,0,0,Perfect
EMBDL,1154,85358,1138,0.9999,1.0,0.0337,0,0,Perfect
WESTLIFE,1153,85277,1150,0.9997,1.0032,0.0797,0,0,Perfect
GRINFRA,1154,83981,1150,0.9994,1.0154,0.0655,0,0,Perfect
ICIL,1154,85928,1150,0.9996,1.0176,0.0888,0,0,Perfect
LEMONTREE,1154,86272,1150,0.9999,1.0,0.0582,0,0,Perfect
VESUVIUS,1153,80100,1150,0.9999,1.0084,0.0678,0,0,Perfect
SONATSOFTW,1154,86265,1150,0.9991,1.0462,0.1016,0,0,Perfect
GNFC,1154,86275,1150,0.9684,1.0589,0.1316,0,0,Aligned
EQUITASBNK,1154,86279,1150,0.9993,1.0115,0.0517,0,0,Perfect
BSOFT,1154,86280,1150,0.9989,1.0404,0.0764,0,0,Perfect
TIPSMUSIC,1154,67521,907,0.9992,1.0296,0.0935,0,0,Perfect
EUREKAFORB,490,36369,486,0.999,0.9994,0.0681,0,0,Perfect
POWERMECH,1153,84493,1150,1.0,1.0012,0.0363,0,0,Perfect
GPPL,1154,86275,1150,0.9896,1.1007,0.2331,0,0,Perfect
ORKLAINDIA,205,15054,201,0.9981,0.9998,0.0226,0,0,Perfect
TTKPRESTIG,1154,85979,1150,0.9988,1.0255,0.0619,0,0,Perfect
MEDPLUS,1152,85626,1150,0.9996,1.0,0.0521,0,0,Perfect
NEWGEN,1154,86235,1150,0.9999,1.02,0.0779,0,0,Perfect
V2RETAIL,1154,70458,1149,1.0,1.0,0.067,0,0,Perfect
EPL,1153,86259,1150,0.9923,1.0445,0.1095,0,0,Perfect
SJS,1153,85443,1150,1.0,1.0056,0.0666,0,0,Perfect
RELIGARE,1153,85960,1150,0.9999,1.0,0.0491,0,0,Perfect
INDIAGLYCO,1154,85534,1150,0.9998,1.0207,0.0542,0,0,Perfect
ENTERO,628,46470,625,0.9986,0.9993,0.0756,0,0,Perfect
MAHLIFE,1154,86086,1150,0.9924,0.9424,0.1182,0,0,Perfect
MIDHANI,1154,86143,1150,0.9998,1.0078,0.0537,0,0,Perfect
CELLO,696,52112,694,0.9999,1.0063,0.0449,0,0,Perfect
BALAMINES,1154,86238,1150,0.9999,1.0154,0.0689,0,0,Perfect
ETHOSLTD,1054,77034,1051,0.9987,0.9666,0.0791,0,0,Perfect
GAEL,1154,86223,1150,0.9997,1.0067,0.034,0,0,Perfect
BALUFORGE,583,43386,579,0.9998,1.0006,0.0842,0,0,Perfect
UNIMECH,415,30815,412,0.9994,1.0009,0.1087,0,0,Perfect
AVL,450,33363,447,0.9989,1.0023,0.0709,0,0,Perfect
RHIM,1153,86153,1150,0.9997,1.0094,0.0581,0,0,Perfect
AARTIPHARM,887,66220,882,0.9998,1.0083,0.0505,0,0,Perfect
JYOTHYLAB,1154,86243,1150,0.9996,1.0327,0.0794,0,0,Perfect
TTML,1154,86273,1150,1.0,1.0,0.0566,0,0,Perfect
STARCEMENT,1153,85387,1150,0.9998,1.0081,0.0728,0,0,Perfect
KMEW,432,31251,428,0.9998,1.0005,0.0589,0,0,Perfect
SAPPHIRE,1154,85955,1150,0.9996,1.0,0.0653,0,0,Perfect
KIRLFER,575,40167,541,0.9997,1.019,0.1013,0,0,Perfect
IMFA,1154,85098,1150,0.9996,1.0505,0.1626,0,0,Perfect
BORORENEW,1154,86274,1150,0.9997,1.0,0.0493,0,0,Perfect
GMRP&UI,1100,81908,1095,1.0,1.0,0.0549,0,0,Perfect
SETL,406,29956,403,0.9998,1.0004,0.0462,0,0,Perfect
EBGNG,270,19978,267,0.9998,1.0,0.0362,0,0,Perfect
TANLA,1154,86273,1150,0.9994,1.051,0.0876,0,0,Perfect
GOKULAGRO,1154,85282,1150,0.9999,1.0023,0.1001,0,0,Perfect
RBA,1153,86266,1150,0.9999,1.0,0.0694,0,0,Perfect
AEROFLEX,742,55341,737,0.9999,1.0027,0.0756,0,0,Perfect
IXIGO,550,40895,546,0.9998,0.9997,0.071,0,0,Perfect
BECTORFOOD,1154,86206,1150,0.9999,1.0093,0.0621,0,0,Perfect
JKPAPER,1153,86261,1150,0.9913,1.0358,0.0852,0,0,Perfect
INDIASHLTR,666,49540,663,0.9984,1.0161,0.1337,0,0,Perfect
SHARDACROP,1153,86168,1150,0.9995,1.0323,0.0843,0,0,Perfect
INOXGREEN,934,69493,926,0.9999,1.0,0.0605,0,0,Perfect
OMNI,123,8993,120,0.9996,0.9999,0.0604,0,0,Perfect
REDTAPE,755,56143,750,0.7104,1.0073,0.7917,0,1,Aligned
SFL,1154,85637,1150,1.0,1.0014,0.0387,0,0,Perfect
NEPHROPLUS,175,12891,172,0.9991,1.0003,0.0425,0,0,Perfect
SUPRAJIT,1153,85923,1150,0.9988,1.0148,0.0474,0,0,Perfect
CAMPUS,1070,79936,1066,0.9999,1.0106,0.0525,0,0,Perfect
DCBBANK,1154,86273,1150,0.9995,1.0237,0.0605,0,0,Perfect
SENORES,417,30935,413,0.9998,0.9997,0.1173,0,0,Perfect
EMIL,959,70050,934,0.9998,1.0,0.0876,0,0,Perfect
BIRLACORPN,1153,86236,1150,0.9988,1.0265,0.0485,0,0,Perfect
AXISCADES,1154,81352,1150,1.0,1.0,0.0673,0,0,Perfect
SPARC,1154,86098,1149,0.9999,1.0,0.1052,0,0,Perfect
JKLAKSHMI,1154,86269,1150,0.999,1.0244,0.0486,0,0,Perfect
RAIN,1154,86272,1150,0.9983,1.0164,0.0548,0,0,Perfect
GANESHHOU,1153,60284,849,0.9997,1.0088,0.0776,0,0,Perfect
SKIPPER,1153,84187,1150,1.0,1.0009,0.0865,0,0,Perfect
DBL,1152,86029,1150,0.9999,1.0039,0.0463,0,0,Perfect
RCF,1154,86278,1150,0.9977,1.0237,0.0885,0,0,Perfect
TIMEX,91,6850,89,0.9997,0.9997,0.0242,0,0,Perfect
DODLA,1152,82283,1150,0.9998,1.0083,0.0916,0,0,Perfect
POWERICA,105,7633,102,0.999,0.9999,0.028,0,0,Perfect
AJAXENGG,380,28145,377,0.9992,0.9999,0.0435,0,0,Perfect
KSHINTL,172,12662,168,0.9998,1.0008,0.042,0,0,Perfect
VMART,1153,85130,1150,0.9997,1.0013,0.0837,0,0,Perfect
TFCILTD,1154,84588,1150,0.9999,1.0295,0.0821,0,0,Perfect
STYL,229,16696,225,0.9997,1.0056,0.0338,0,0,Perfect
CYIENTDLM,779,58190,775,0.9998,1.0004,0.0597,0,0,Perfect
SUPRIYA,1153,86233,1150,0.9999,1.0043,0.0706,0,0,Perfect
HCC,1154,86272,1150,0.9871,0.8406,0.2555,0,0,Perfect
PICCADIL,291,21469,287,0.999,1.0008,0.042,0,0,Perfect
ABFRL,1154,86274,1150,0.8759,0.3644,1.7828,0,1,Aligned
PRAJIND,1154,86273,1150,0.9992,1.0318,0.0709,0,0,Perfect
JSLL,1072,40149,961,0.2645,0.3608,2.3179,0,1,Aligned
JAIBALAJI,1154,79419,1149,1.0,1.0,0.0712,0,0,Perfect
GSFC,1154,86276,1150,0.9903,1.0412,0.119,0,0,Perfect
GREENLAM,1152,77825,1150,0.9994,1.0074,0.0992,0,0,Perfect
SUNFLAG,1154,84960,1150,0.9999,1.0028,0.0527,0,0,Perfect
VIKRAMSOLR,253,18680,249,0.9999,1.0,0.0266,0,0,Perfect
TRIVENI,1154,86201,1150,0.954,0.6785,0.5252,0,0,Aligned
BLISSGVS,1154,84398,1150,1.0,1.0119,0.0826,0,0,Perfect
BAJAJCON,1154,86248,1150,0.9995,1.0055,0.1132,0,0,Perfect
HAPPSTMNDS,1154,86277,1150,0.9999,1.0272,0.0599,0,0,Perfect
KPIGREEN,1154,85696,1150,1.0,1.0036,0.0589,0,0,Perfect
SMARTWORKS,279,18967,276,0.9985,1.0,0.0645,0,0,Perfect
PAISALO,1154,83062,1150,0.9998,1.0051,0.0635,0,0,Perfect
IBULLSLTD,1154,65442,1092,0.9835,1.0,0.3956,0,0,Perfect
SHAKTIPUMP,1154,85345,1149,1.0,1.0057,0.0781,0,0,Perfect
SIS,1153,84082,1150,0.9985,1.0204,0.0682,0,0,Perfect
TRANSRAILL,418,31059,414,0.9997,1.0064,0.0615,0,0,Perfect
NEOGEN,1154,85787,1150,0.9995,1.0037,0.0517,0,0,Perfect
SBCL,1153,86031,1150,0.9997,1.014,0.0775,0,0,Perfect
INNOVACAP,661,48063,657,0.9995,1.002,0.1006,0,0,Perfect
ARVINDFASN,1154,86135,1150,0.9998,1.0096,0.0672,0,0,Perfect
JUSTDIAL,1154,86225,1150,0.9999,1.0,0.0393,0,0,Perfect
ACI,935,69805,932,0.9978,1.0094,0.0705,0,0,Perfect
LCL,22,1643,22,0.9926,0.9991,0.0244,0,0,Perfect
FEDFINA,682,50896,678,0.9997,1.0003,0.0353,0,0,Perfect
CEIGALL,512,38109,509,0.9997,1.0,0.0294,0,0,Perfect
KUSUMGAR,33,2468,33,0.9949,0.9991,0.0213,0,0,Perfect
MASTEK,1154,86241,1150,0.9983,1.0175,0.1651,0,0,Perfect
UNIVCABLES,1154,79016,1150,0.9998,1.0135,0.1189,0,0,Perfect
CSBBANK,1154,86107,1150,0.9998,1.0,0.064,0,0,Perfect
FCL,1154,87188,1150,1.0,0.9998,0.0484,0,0,Perfect
DBREALTY,1154,85304,1150,0.9999,1.0,0.0632,0,0,Perfect
MOREPENLAB,1154,86282,1150,0.9999,1.0043,0.1437,0,0,Perfect
SENCO,775,57904,771,0.9998,1.008,0.0883,0,0,Perfect
TVSSCS,747,55691,742,0.9999,1.0001,0.0481,0,0,Perfect
ISGEC,1153,84312,1150,0.9998,1.0084,0.0854,0,0,Perfect
LATENTVIEW,1154,86269,1150,0.9998,1.0,0.0511,0,0,Perfect
MANINDS,1154,83994,1149,0.9999,1.0036,0.0516,0,0,Perfect
IOLCP,1154,86238,1150,0.9982,1.0279,0.0714,0,0,Perfect
JSFB,631,46788,627,0.9996,0.9997,0.048,0,0,Perfect
MARINE,1154,85377,1150,1.0,1.0024,0.0765,0,0,Perfect
KALPATARU,291,20539,288,0.9992,1.0003,0.0411,0,0,Perfect
ITDC,1153,79994,1150,0.9997,1.0093,0.0785,0,0,Perfect
GULFOILLUB,1154,84477,1150,0.9978,1.0766,0.1593,0,0,Perfect
GOKEX,1154,86226,1150,0.9999,1.0013,0.0757,0,0,Perfect
PRSMJOHNSN,1152,85019,1150,0.9998,1.0,0.0478,0,0,Perfect
FDC,1153,85531,1150,0.9993,1.0225,0.059,0,0,Perfect
ASHAPURMIN,1154,84529,1149,1.0,1.0016,0.0651,0,0,Perfect
QUESS,1154,86105,1150,0.6508,0.5155,1.1349,0,0,Aligned
RAMRAT,1010,70081,1007,0.9999,1.0145,0.0852,0,0,Perfect
INDIGOPNTS,1154,86116,1150,0.9998,1.0057,0.0681,0,0,Perfect
RPTECH,631,46288,627,0.9998,1.008,0.0733,0,0,Perfect
IONEXCHANG,1118,82658,1115,0.9999,1.0058,0.0576,0,0,Perfect
SAATVIKGL,231,16936,227,0.9991,1.0001,0.0404,0,0,Perfect
MASFIN,1154,84720,1150,0.9992,1.0163,0.0447,0,0,Perfect
CCAVENUE,1154,86269,1150,0.9915,0.8977,0.1806,0,0,Perfect
MAPMYINDIA,1153,86252,1150,0.9998,1.0068,0.0655,0,0,Perfect
MOIL,1154,86163,1150,0.9985,1.0413,0.1233,0,0,Perfect
GOLDIAM,1154,86088,1150,0.9998,1.0164,0.0867,0,0,Perfect
PDSL,1153,81324,1150,0.9982,1.0218,0.0824,0,0,Perfect
OPTIEMUS,1153,84157,1150,0.9999,1.0029,0.072,0,0,Perfect
GUJALKALI,1153,84803,1150,0.9842,1.0433,0.1278,0,0,Perfect
CRAMC,218,16058,214,0.9986,1.0098,0.033,0,0,Perfect
BAJAJHIND,1154,86280,1150,1.0,1.0,0.0732,0,0,Perfect
VRLLOG,1153,85924,1150,0.9932,1.0427,0.0852,0,0,Perfect
KISSHT,81,5919,79,0.9994,1.0016,0.0218,0,0,Perfect
RENUKA,1154,86277,1150,1.0,1.0,0.0644,0,0,Perfect
MSTCLTD,1154,86106,1150,0.9927,1.0983,0.2176,0,0,Perfect
PURVA,1153,84038,1150,0.9997,1.0072,0.1032,0,0,Perfect
THOMASCOOK,1154,85952,1150,0.9999,1.0107,0.0848,0,0,Perfect
ARTEMISMED,1129,82852,1129,0.9999,1.0059,0.0456,0,0,Perfect
ELECTCAST,1154,86110,1150,0.9998,1.0328,0.081,0,0,Perfect
AGI,1153,86045,1150,0.9998,1.0136,0.066,0,0,Perfect
PNCINFRA,1154,86253,1150,0.9999,1.0039,0.0348,0,0,Perfect
BANSALWIRE,532,38810,529,0.9993,1.0005,0.0618,0,0,Perfect
MANINFRA,1153,86031,1150,0.9996,1.0178,0.0883,0,0,Perfect
ORCHPHARMA,1154,71227,1149,0.9999,1.0,0.0739,0,0,Perfect
CMRGREEN,58,4272,57,0.9981,1.0008,0.027,0,0,Perfect
ROLEXRINGS,1154,84750,1150,0.9998,1.0,0.0451,0,0,Perfect
JAMNAAUTO,1154,86264,1150,0.9833,1.0402,0.0846,0,0,Perfect
RUSTOMJEE,931,62226,929,0.9995,1.0024,0.0588,0,0,Perfect
SURYAROSNI,1154,86099,1150,0.9993,1.0392,0.0973,0,0,Perfect
WAKEFIT,177,13015,174,0.9992,0.9994,0.0529,0,0,Perfect
JUNIPER,621,45133,617,0.9997,0.9997,0.0604,0,0,Perfect
SOTL,1154,80576,1150,0.9994,1.0248,0.0663,0,0,Perfect
LXCHEM,1154,86270,1150,1.0,1.0067,0.0542,0,0,Perfect
SUBROS,1153,80810,1150,0.9999,1.0064,0.0518,0,0,Perfect
KIRLPNU,830,61069,826,0.9996,1.0141,0.1098,0,0,Perfect
DATAMATICS,1154,85607,1150,0.9998,1.0126,0.0769,0,0,Perfect
PTC,1154,86200,1150,0.9854,1.2642,0.346,0,0,Perfect
SSWL,1153,84858,1150,0.9994,1.0108,0.0793,0,0,Perfect
EMUDHRA,1052,78428,1049,0.9999,1.0051,0.0762,0,0,Perfect
NORTHARC,482,35783,478,0.9996,1.0002,0.0411,0,0,Perfect
GMMPFAUDLR,1153,86194,1150,0.9999,1.0053,0.035,0,0,Perfect
ALOKINDS,1154,13289,176,0.9995,1.0008,0.0292,0,0,Perfect
UFLEX,1153,82796,1150,0.9993,1.0145,0.0426,0,0,Perfect
LASERPOWER,32,2394,32,0.9981,1.0,0.0175,0,0,Perfect
SWSOLAR,1154,86265,1150,1.0,1.0,0.0635,0,0,Perfect
DEEDEV,543,39865,540,0.9999,1.0001,0.1298,0,0,Perfect
NRBBEARING,1153,85723,1150,0.9985,1.0526,0.1012,0,0,Perfect
AYE,135,9894,132,0.9994,0.9998,0.0476,0,0,Perfect
GREAVESCOT,1154,86273,1150,0.9989,1.0287,0.0928,0,0,Perfect
DECNGOLD,9,6896,9,0.9991,0.9997,0.0062,0,0,Perfect
SGFIN,267,19366,263,0.9998,1.0001,0.0409,0,0,Perfect
TURTLEMINT,45,3372,45,0.9975,0.9996,0.0267,0,0,Perfect
SUNTECK,1154,86027,1150,0.9996,1.0063,0.0784,0,0,Perfect
GUJTHEM,375,26174,371,0.9992,0.9999,0.0468,0,0,Perfect
TEXRAIL,1154,86262,1150,0.9999,1.0081,0.0753,0,0,Perfect
NETWORK18,1154,86173,1149,0.9999,1.0,0.0627,0,0,Perfect
VISHNU,1154,83439,1150,0.9998,1.003,0.0534,0,0,Perfect
HIRECT,1154,68836,1150,0.9999,1.0042,0.1372,0,0,Perfect
GVPIL,1154,84835,1150,1.0,1.0096,0.0835,0,0,Perfect
VIPIND,1153,86188,1150,0.9998,1.0024,0.0766,0,0,Perfect
DEEPINDS,1154,84478,1150,0.9999,1.0162,0.1031,0,0,Perfect
MOSCHIP,389,28896,385,0.9996,1.0002,0.0584,0,0,Perfect
MHRIL,1154,86069,1150,0.9998,1.0,0.0636,0,0,Perfect
RTNPOWER,1154,86208,1149,0.9999,1.0,0.0696,0,0,Perfect
PITTIENG,1152,85339,1150,0.9999,1.0043,0.0949,0,0,Perfect
SHOPERSTOP,1154,85022,1150,0.9998,1.0,0.0642,0,0,Perfect
RAYMONDLSL,495,36760,491,0.9999,1.0013,0.1537,0,0,Perfect
INDOSTAR,1154,76053,1150,0.9997,1.0,0.0688,0,0,Perfect
RTNINDIA,1154,86277,1150,0.9999,1.0,0.0823,0,0,Perfect
RAYMOND,1154,86223,1150,0.5721,0.3375,2.0216,0,1,Aligned
AVANTEL,519,38656,515,0.9869,0.9993,0.0759,0,0,Perfect
ROSSTECH,429,25930,425,0.9998,1.0003,0.0798,0,0,Perfect
RESPONIND,1152,76188,1150,0.9998,1.0018,0.0873,0,0,Perfect
INDIQUBE,269,17324,267,0.999,0.9995,0.0407,0,0,Perfect
RALLIS,1154,86273,1150,0.9974,1.0276,0.0718,0,0,Perfect
GUFICBIO,1154,82187,1150,0.9997,1.0011,0.0699,0,0,Perfect
GHCL,1154,86163,1150,0.9705,1.0664,0.135,0,0,Aligned
SYMPHONY,1154,86078,1150,0.9977,1.0303,0.0643,0,0,Perfect
KSCL,1153,85864,1150,0.9998,1.0122,0.0635,0,0,Perfect
WSTCSTPAPR,1153,85273,1150,0.997,1.0277,0.1023,0,0,Perfect
NACLIND,1154,81769,1150,0.9966,0.9206,0.2184,0,0,Perfect
IDEAFORGE,780,58275,776,0.9999,1.0002,0.0729,0,0,Perfect
MIDWESTLTD,212,15038,209,0.9989,1.0,0.0465,0,0,Perfect
HARSHA,972,70641,969,0.9993,1.0079,0.0524,0,0,Perfect
CAPILLARY,194,13629,190,0.9977,0.9994,0.0674,0,0,Perfect
KOLTEPATIL,1152,84243,1150,0.9991,1.0097,0.0764,0,0,Perfect
UNICHEMLAB,1154,77855,1150,0.9998,1.0,0.0763,0,0,Perfect
REFEX,1153,84777,1150,1.0,1.0068,0.0313,0,0,Perfect
UNIPARTS,920,68100,917,0.9583,1.1182,0.1809,0,0,Aligned
AURIONPRO,1154,81754,1149,0.9999,1.0068,0.0624,0,0,Perfect
SANDHAR,1154,82336,1150,0.9997,1.0131,0.0814,0,0,Perfect
MAHLOG,1154,85697,1150,0.9855,0.9336,0.1187,0,0,Perfect
CMSINFO,1154,86233,1150,0.9977,1.0357,0.077,0,0,Perfect
DALMIASUG,1152,85378,1150,0.9901,1.0423,0.1306,0,0,Perfect
SINDHUTRAD,791,56174,788,0.9989,1.0,0.0754,0,0,Perfect
SANGHVIMOV,1154,85963,1150,0.9998,1.0167,0.0778,0,0,Perfect
ORIENTELEC,1154,85879,1150,0.9994,1.0192,0.0738,0,0,Perfect
BAJAJELEC,1154,85941,1150,0.031,1.0084,0.8362,0,0,Aligned
AARTIDRUGS,1154,86205,1150,0.9994,1.0091,0.0843,0,0,Perfect
TATVA,1154,84968,1150,1.0,1.0043,0.0837,0,0,Perfect
PACEDIGITK,226,16650,222,0.9992,1.0002,0.0337,0,0,Perfect
JINDWORLD,1154,81917,1150,0.9998,1.0012,0.0993,0,0,Perfect
JKIL,1154,85589,1150,0.9998,1.0118,0.0688,0,0,Perfect
SANATHAN,417,27448,414,0.9985,0.9998,0.0583,0,0,Perfect
SAMBHV,290,21532,287,0.9991,1.0006,0.0403,0,0,Perfect
TRUALT,226,16647,222,0.9986,0.9996,0.0315,0,0,Perfect
POLYPLEX,1154,85943,1150,0.9986,1.0158,0.118,0,0,Perfect
RAYMONDREL,292,21601,288,0.9996,1.0032,0.0704,0,0,Perfect
VAIBHAVGBL,1153,86241,1150,0.9973,1.061,0.1098,0,0,Perfect
ASHIANA,1154,78511,1150,0.9996,1.0165,0.093,0,0,Perfect
HEMIPROP,1154,85975,1150,0.9999,1.0,0.0399,0,0,Perfect
SHAREINDIA,1154,67383,907,0.9998,1.0128,0.0934,0,0,Perfect
HEIDELBERG,1154,85470,1150,0.9201,1.0688,0.1657,0,0,Aligned
AGIIL,531,34805,527,0.9999,1.0002,0.0911,0,0,Perfect
DBCORP,1153,84831,1149,0.995,1.1117,0.2341,0,0,Perfect
BHAGCHEM,1152,62904,1150,0.9993,1.0034,0.2466,0,0,Perfect
DIVGIITTS,855,57165,853,0.9995,1.0048,0.0725,0,0,Perfect
63MOONS,1154,84003,1150,1.0,1.0065,0.0757,0,0,Perfect
GREENPLY,1154,85394,1150,0.9998,1.0062,0.0635,0,0,Perfect
VSTIND,1154,83755,1150,0.9447,1.1165,0.2138,0,0,Aligned
PREMEXPLN,1154,75007,1150,1.0,1.0035,0.0813,0,0,Perfect
MUTHOOTMF,663,49465,660,0.9997,1.0002,0.0385,0,0,Perfect
JTLIND,1153,83681,1149,0.9995,1.0032,0.1088,0,0,Perfect
WELSPLSOL,9,6541,9,0.9899,0.9985,0.023,0,0,Perfect
PSPPROJECT,1152,85402,1150,0.9996,1.0025,0.0696,0,0,Perfect
NITINSPIN,1153,84239,1150,0.9996,1.015,0.0641,0,0,Perfect
JTEKTINDIA,1154,83553,1150,0.9994,0.995,0.0627,0,0,Perfect
FILATEX,1153,86019,1150,0.9995,1.0095,0.0611,0,0,Perfect
KNRCON,1154,86255,1150,0.9999,1.0029,0.0868,0,0,Perfect
EIEL,437,32486,433,0.9995,1.0004,0.0804,0,0,Perfect
NFL,1154,86257,1150,0.9988,1.0188,0.0812,0,0,Perfect
TARC,1153,84818,1149,0.9999,1.0,0.0893,0,0,Perfect
SAMHI,727,54231,722,0.9995,1.0,0.0325,0,0,Perfect
STEELCAS,1153,71305,1150,0.9998,1.0228,0.1261,0,0,Perfect
GOPAL,610,44840,607,0.9994,1.0034,0.0396,0,0,Perfect
HERITGFOOD,1154,68410,914,0.9998,1.0145,0.0599,0,0,Perfect
WONDERLA,1153,85011,1150,0.9999,1.0108,0.0468,0,0,Perfect
VENUSPIPES,1058,78389,1054,0.9999,1.002,0.0638,0,0,Perfect
WEBELSOLAR,1154,85613,1150,1.0,1.0002,0.0707,0,0,Perfect
INDRAMEDCO,1154,83796,1150,0.9999,1.0193,0.1245,0,0,Perfect
VSSL,1153,81162,1150,0.9995,1.028,0.0654,0,0,Perfect
OSWALPUMPS,299,22134,295,1.0,1.0006,0.0321,0,0,Perfect
ADVENZYMES,1154,85585,1150,0.9948,1.0316,0.0643,0,0,Perfect
FMGOETZE,1152,78752,1150,0.9998,1.0,0.0418,0,0,Perfect
CMLL,26,1945,26,0.9917,0.997,0.0291,0,0,Perfect
MAYURUNIQ,1152,83939,1150,0.9992,1.0216,0.051,0,0,Perfect
SMSPHARMA,1153,79636,1150,0.9999,1.0049,0.0595,0,0,Perfect
SEIL,9,6209,9,0.9791,0.9993,0.007,0,0,Aligned
IMAGICAA,1153,83701,1150,0.9999,1.0,0.0686,0,0,Perfect
PRINCEPIPE,1153,86250,1150,1.0,1.0032,0.0534,0,0,Perfect
HGINFRA,1154,86257,1150,0.9999,1.0078,0.0584,0,0,Perfect
GRAUWEIL,575,39771,541,0.9998,1.0071,0.0455,0,0,Perfect
FUSION,939,70075,936,0.9999,0.9707,0.0664,0,0,Perfect
ARSSBL,229,16871,225,0.9992,1.0075,0.0305,0,0,Perfect
KIRIINDUS,1154,84860,1150,0.9999,1.0,0.0931,0,0,Perfect
NIITMTS,755,55025,751,0.9993,1.0239,0.062,0,0,Perfect
ROUTE,1154,86267,1150,0.9997,1.0348,0.056,0,0,Perfect
GIPCL,1154,85367,1150,0.9985,1.039,0.1051,0,0,Perfect
CARYSIL,1154,86050,1150,0.9997,1.0061,0.1399,0,0,Perfect
ASHOKA,1154,86280,1150,1.0,1.0,0.0554,0,0,Perfect
INDSWFTLAB,1153,72532,1149,0.9999,1.0,0.054,0,0,Perfect
DREDGECORP,1154,83722,1149,0.9999,1.0,0.0618,0,0,Perfect
STYLEBAAZA,494,36351,490,0.9994,0.9998,0.0624,0,0,Perfect
RELTD,520,34937,516,0.9981,0.9798,0.0752,0,0,Perfect
MMFL,1154,61220,845,0.9983,1.021,0.0909,0,0,Perfect
BEPL,1154,86066,1150,0.974,1.0929,0.2738,0,0,Aligned
WINDMACHIN,1153,72941,1150,0.9999,1.0055,0.0867,0,0,Perfect
BALMLAWRIE,1154,85848,1150,0.9909,1.095,0.1988,0,0,Perfect
ARVSMART,1153,79549,1150,0.9997,1.0177,0.097,0,0,Perfect
CRIZAC,286,21144,282,0.999,1.0196,0.0572,0,0,Perfect
KERNEX,1154,68330,1150,1.0,1.0,0.0835,0,0,Perfect
JASH,1152,74338,1150,0.9999,1.0099,0.0853,0,0,Perfect
BUILDPRO,159,11225,156,0.9986,1.0026,0.0691,0,0,Perfect
ADFFOODS,1154,82513,1149,0.9992,1.0159,0.0525,0,0,Perfect
SOLARA,1154,85773,1150,0.9978,0.996,0.1003,0,0,Perfect
EFCIL,257,18791,253,0.9994,0.9879,0.0546,0,0,Perfect
MONARCH,1150,74384,1147,0.9999,1.0073,0.0935,0,0,Perfect
UFBL,1152,84990,1150,1.0,1.0,0.0619,0,0,Perfect
PARAGMILK,1154,86038,1150,0.9999,1.006,0.0782,0,0,Perfect
NAVNETEDUL,1154,83053,1150,0.9913,1.0558,0.1113,0,0,Perfect
BLSE,637,47000,633,0.9996,1.0075,0.054,0,0,Perfect
RSYSTEMS,1154,84024,1150,0.9956,1.0582,0.1467,0,0,Perfect
RAMCOIND,1154,81680,1150,0.9997,1.0109,0.0931,0,0,Perfect
GSPCROP,110,7623,107,0.9993,0.9998,0.0391,0,0,Perfect
CHEMPLASTS,1154,84885,1150,0.9998,1.0,0.0632,0,0,Perfect
DDEVPLSTIK,404,29320,401,0.9985,1.0038,0.0482,0,0,Perfect
GLOBUSSPR,1153,86151,1150,0.9994,1.0067,0.0804,0,0,Perfect
BOROLTD,1154,85045,1150,0.8661,1.0045,0.2289,0,0,Aligned
INTERARCH,501,37319,499,0.9995,1.0036,0.0479,0,0,Perfect
MARATHON,1154,76059,1150,0.9998,1.0047,0.0625,0,0,Perfect
RPSGVENT,1154,81114,1150,0.9998,1.0,0.0652,0,0,Perfect
SPORTKING,994,68427,991,0.9998,1.0118,0.0565,0,0,Perfect
PANAMAPET,1153,80919,1150,0.99,1.0329,0.1121,0,0,Perfect
PATELENG,1154,85928,1150,0.9994,0.966,0.1382,0,0,Perfect
GKENERGY,230,16961,227,0.9997,1.0041,0.0376,0,0,Perfect
JINDALPOLY,1154,83325,1150,0.9993,1.0171,0.0875,0,0,Perfect
APOLLOPIPE,1154,84916,1150,0.9998,1.0056,0.0784,0,0,Perfect
ANTELOPUS,1154,80912,1150,0.9999,1.0,0.0764,0,0,Perfect
VIMTALABS,1154,81950,1150,0.9999,1.0094,0.1068,0,0,Perfect
ROSSARI,1154,85816,1150,0.9998,1.003,0.0596,0,0,Perfect
NOCIL,1154,86213,1150,0.9973,1.0288,0.0634,0,0,Perfect
DCAL,1153,85568,1150,0.9999,1.0,0.0566,0,0,Perfect
MUFIN,698,49224,692,0.9998,0.9998,0.0548,0,0,Perfect
GANECOS,1154,85415,1150,0.9998,1.0062,0.1022,0,0,Perfect
POKARNA,1154,83947,1150,0.9999,1.003,0.0591,0,0,Perfect
ORIENTCEM,1153,86166,1150,0.9998,1.0103,0.0641,0,0,Perfect
GATEWAY,1101,81736,1095,0.9915,1.0985,0.1537,0,0,Perfect
RISHABH,733,52313,731,0.9998,1.0033,0.0657,0,0,Perfect
CONFIPET,1154,86101,1150,0.9999,1.0044,0.0829,0,0,Perfect
HUBTOWN,1154,77381,1149,0.9999,1.0,0.0706,0,0,Perfect
STOVEKRAFT,1153,85753,1150,0.9997,1.0071,0.0545,0,0,Perfect
EUROPRATIK,233,17038,230,0.9981,1.0005,0.0668,0,0,Perfect
FLAIR,680,49284,677,0.999,1.0056,0.0561,0,0,Perfect
UTKARSHBNK,770,57526,766,0.9983,0.8562,0.2263,0,0,Perfect
VINCOFE,465,34239,461,0.9994,1.0006,0.0918,0,0,Perfect
SIYSIL,1154,85468,1150,0.9945,1.0522,0.1068,0,0,Perfect
ALEMBICLTD,1154,85713,1150,0.9953,1.0645,0.1218,0,0,Perfect
KITEX,1154,85547,1150,0.9999,1.0071,0.068,0,0,Perfect
ZAGGLE,727,54291,723,0.9999,1.0003,0.0495,0,0,Perfect
JGCHEM,611,44929,608,0.9997,1.0015,0.0546,0,0,Perfect
UEL,1153,12835,295,0.9996,1.0,0.1106,0,2,Perfect
RAJRATAN,1153,81777,1097,0.9999,1.0132,0.0643,0,0,Perfect
HIKAL,1153,86071,1150,0.9997,1.0085,0.0795,0,0,Perfect
GANDHAR,682,50677,678,0.9996,1.017,0.0451,0,0,Perfect
JNKINDIA,581,42380,578,0.9999,1.001,0.0847,0,0,Perfect
MEDIASSIST,645,48047,642,0.9995,1.0014,0.0574,0,0,Perfect
RAMKY,1152,80004,1150,0.9999,1.0,0.0364,0,0,Perfect
STALLION,399,27466,395,0.9809,0.8527,0.2241,0,0,Perfect
SIRCA,1154,64101,863,0.9995,1.0088,0.052,0,0,Perfect
TALBROAUTO,1154,84892,1150,0.9999,1.0067,0.0763,0,0,Perfect
RELINFRA,1154,80188,1071,0.9999,1.0,0.0693,0,0,Perfect
FISCHER,285,19794,281,0.9998,1.0002,0.064,0,0,Perfect
COSMOFIRST,1153,84788,1150,0.9995,1.0126,0.0534,0,0,Perfect
SATIN,1153,82071,1150,0.9999,1.0,0.0524,0,0,Perfect
ORIENTHOT,1154,85368,1150,0.9998,1.0124,0.068,0,0,Perfect
DOLPHIN,1154,28675,744,0.9931,1.0,0.9951,0,1,Perfect
EVEREADY,1153,84479,1150,0.9991,1.0131,0.044,0,0,Perfect
BOMDYEING,1154,86263,1150,0.9998,1.0143,0.0517,0,0,Perfect
EASEMYTRIP,1154,86278,1150,1.0,1.0025,0.0674,0,0,Perfect
PANACEABIO,1154,82753,1150,0.9999,1.0,0.0698,0,0,Perfect
OMAXE,1153,79619,1150,0.9997,1.0,0.0819,0,0,Perfect
PARKHOTELS,633,46689,629,0.9996,1.0017,0.0504,0,0,Perfect
ARKADE,481,35413,478,0.9996,1.0022,0.0333,0,0,Perfect
DYCL,1013,74117,1008,0.9999,1.0038,0.0636,0,0,Perfect
KLBRENG-B,9,6429,9,0.9916,0.9977,0.0261,0,0,Perfect
KNACK,38,2843,38,0.9962,0.9997,0.019,0,0,Perfect
ASIANENE,1154,76682,1138,0.9999,1.0028,0.0701,0,0,Perfect
GEOJITFSL,1153,86090,1150,0.9922,1.0022,0.1878,0,0,Perfect
EXICOM,617,45904,613,0.9997,0.9727,0.0734,0,0,Perfect
GNA,1154,83832,1150,0.9986,1.0217,0.0509,0,0,Perfect
PRAKASH,1154,85816,1150,0.9998,1.0146,0.1285,0,0,Perfect
VERANDA,1087,74403,1082,0.9993,1.0,0.1034,0,0,Perfect
AJMERA,1154,82440,1150,0.9999,1.0101,0.0602,0,0,Perfect
ESAFSFB,693,47237,633,0.9998,1.0023,0.0721,0,0,Perfect
SAIPARENT,104,7461,102,0.9985,1.0014,0.0399,0,0,Perfect
NITCO,1153,64591,1149,0.9999,1.0,0.0742,0,0,Perfect
INDOCO,1154,82195,1150,0.9994,1.0055,0.0845,0,0,Perfect
MARSONS,117,8457,114,0.9987,1.0003,0.0464,0,0,Perfect
REPCOHOME,1154,85715,1150,0.9992,1.0275,0.0941,0,0,Perfect
EPACKPEB,226,16775,222,0.9995,1.0002,0.0645,0,0,Perfect
RAJESHEXPO,1154,86201,1150,1.0,1.0,0.0672,0,0,Perfect
BRIGHOTEL,268,18675,266,0.9993,0.9998,0.0464,0,0,Perfect
SILVERTUC,1154,41358,845,-0.1825,0.1009,9.4906,0,3,Aligned
BAJEL,669,48524,655,0.9996,1.0036,0.1038,0,0,Perfect
SIMPLEXINF,1152,59460,1149,0.9999,1.0,0.0677,0,0,Perfect
NELCO,1154,85818,1150,0.9997,1.0054,0.0549,0,0,Perfect
PROTEAN,388,28817,384,0.9999,1.0206,0.0508,0,0,Perfect
PENIND,1153,85791,1150,1.0,1.0,0.0688,0,0,Perfect
HLEGLAS,1154,85860,1150,0.9999,1.0067,0.1181,0,0,Perfect
KCP,1153,83850,1150,0.9998,1.0124,0.0553,0,0,Perfect
RAMCOSYS,1154,82995,1150,0.9998,1.0,0.0765,0,0,Perfect
SANSTAR,523,38086,519,0.9995,0.9997,0.0826,0,0,Perfect
SPANDANA,1154,63065,845,0.9998,0.9537,0.1333,0,0,Perfect
HINDOILEXP,1154,85882,1150,0.9998,1.0,0.038,0,0,Perfect
TAJGVK,1154,85844,1150,0.9998,1.0096,0.0785,0,0,Perfect
SAGCEM,1153,81799,1150,0.999,1.0035,0.0594,0,0,Perfect
SAKSOFT,1154,85729,1150,0.9999,1.0118,0.0889,0,0,Perfect
SHRINGARMS,237,17360,234,0.9991,0.9978,0.0286,0,0,Perfect
KABRAEXTRU,1153,80976,1150,0.9992,1.0152,0.0684,0,0,Perfect
SHK,1154,84464,1150,0.9995,1.0126,0.0656,0,0,Perfect
RATNAVEER,734,51972,721,0.9996,0.9961,0.101,0,0,Perfect
EMSLIMITED,728,54199,723,0.9999,1.0032,0.0425,0,0,Perfect
LANDMARK,911,66633,908,0.9997,1.0029,0.0618,0,0,Perfect
MSPL,1152,77117,1150,0.9999,1.0,0.0481,0,0,Perfect
WINDLAS,1153,82579,1150,0.9998,1.0205,0.0788,0,0,Perfect
JISLJALEQS,1154,86249,1150,0.9999,1.0,0.0518,0,0,Perfect
PARACABLES,1154,63169,845,0.999,1.0006,1.0214,0,0,Perfect
INA,121,8837,118,0.9991,1.0013,0.0353,0,0,Perfect
CANTABIL,1152,77476,1149,0.9988,1.0134,0.066,0,0,Perfect
INDIANHUME,1153,79021,1150,0.9996,1.0292,0.0957,0,0,Perfect
GMBREW,1154,83757,1150,0.981,1.0297,0.3258,0,0,Perfect
TBZ,1154,83079,1150,0.9998,1.02,0.0784,0,0,Perfect
JAYKAY,186,13195,182,0.9912,0.9254,0.1236,0,0,Perfect
SBC,1154,85420,1145,0.3086,1.0065,28.9806,0,0,Aligned
CAMLINFINE,1153,85761,1150,0.9993,0.9786,0.0678,0,0,Perfect
HPL,1154,85812,1150,1.0,1.0063,0.0458,0,0,Perfect
HUHTAMAKI,1154,82280,1150,0.9986,1.0284,0.0907,0,0,Perfect
MUKANDLTD,1154,77551,1150,0.9944,1.0463,0.1056,0,0,Perfect
DCXINDIA,942,70409,938,0.9999,1.0,0.0666,0,0,Perfect
JLHL,730,52980,725,0.9986,1.0015,0.0577,0,0,Perfect
GREENPANEL,1154,86141,1150,0.9998,1.0072,0.1057,0,0,Perfect
TIL,1153,41883,1143,0.969,0.9826,2.6579,0,3,Aligned
MVELECTRO,17,1269,17,0.9921,1.0001,0.0391,0,0,Perfect
VOEPL,43,2993,43,0.9927,0.9986,0.0393,0,0,Perfect
LAOPALA,1154,85591,1150,0.9984,1.0843,0.1038,0,0,Perfect
BLEL,8,595,8,0.9881,1.0023,0.0248,0,0,Perfect
TIRUMALCHM,1153,85735,1150,0.9992,1.0037,0.0431,0,0,Perfect
ARDEE,13,971,13,0.9973,1.0002,0.0128,0,0,Perfect
GOCLCORP,1153,76471,1150,0.9953,1.0349,0.0907,0,0,Perfect
BFUTILITIE,1154,83646,1150,0.9999,1.0,0.1024,0,0,Perfect
VIDYAWIRES,181,13339,177,0.9999,1.0003,0.0296,0,0,Perfect
BLUSPRING,305,22325,302,0.9996,1.0001,0.0678,0,0,Perfect
MOTISONS,665,48748,650,0.9996,1.0009,0.1362,0,0,Perfect
SCILAL,606,44951,603,0.9998,1.0093,0.0553,0,0,Perfect
HATHWAY,1154,86272,1150,0.9999,1.0,0.0638,0,0,Perfect
BGRENERGY,1152,69002,1149,0.9999,1.0,0.1013,0,0,Perfect
EPACK,642,47814,638,0.9999,1.0001,0.0738,0,0,Perfect
CAPACITE,1154,85111,1150,0.9999,1.0,0.0396,0,0,Perfect
KRSNAA,1154,84977,1150,0.9995,1.0076,0.0721,0,0,Perfect
SYNCOMF,937,69755,929,0.9999,1.002,0.0455,0,0,Perfect
SERVOTECH,1154,60161,806,0.9981,1.0013,4.0645,0,0,Perfect
BCG,1154,68247,909,0.995,2.0,0.5254,0,1,Perfect
ALLCARGO,1154,86210,1150,0.9326,0.3384,2.2769,0,1,Aligned
JINDRILL,1154,82925,1150,0.9998,1.0036,0.0921,0,0,Perfect
ALGOQUANT,162,10983,159,0.9947,0.9994,0.0605,0,0,Perfect
AWFIS,562,41735,558,0.9999,0.9998,0.0438,0,0,Perfect
ELITECON,9,6901,9,0.9991,1.0,0.0185,0,0,Perfect
GRMOVER,986,71164,982,0.9999,1.0,0.06,0,0,Perfect
AURUM,1154,55086,845,0.9994,1.0,0.0677,0,0,Perfect
SURAKSHA,431,30104,428,0.9986,1.0001,0.0561,0,0,Perfect
STUDDS,204,14518,200,0.9984,1.0063,0.0337,0,0,Perfect
TARSONS,1154,84744,1150,0.9999,1.0043,0.0726,0,0,Perfect
GOCOLORS,1153,84678,1150,0.9999,1.0,0.0591,0,0,Perfect
JAICORPLTD,1154,86187,1150,0.9996,1.0511,0.1129,0,0,Perfect
RICOAUTO,1154,85984,1150,0.9997,1.0113,0.0776,0,0,Perfect
SHANTIGOLD,269,19776,265,0.9981,0.9996,0.0457,0,0,Perfect
PFS,1154,85044,1149,0.9998,1.0028,0.0625,0,0,Perfect
5PAISA,1153,82480,1150,0.9997,1.0085,0.0643,0,0,Perfect
YATRA,723,53564,719,0.9997,0.9997,0.0694,0,0,Perfect
PNGSREVA,124,8837,121,0.9987,1.0005,0.0566,0,0,Perfect
QUADFUTURE,406,30116,402,0.999,0.9996,0.1658,0,0,Perfect
MTNL,1154,86235,1150,0.9999,1.0,0.082,0,0,Perfect
PVP,1153,63937,1150,0.9999,1.0,0.1155,0,0,Perfect
KPEL,442,32964,438,0.9998,1.0027,0.0454,0,0,Perfect
SHALBY,1154,83291,1150,0.9998,1.0056,0.0875,0,0,Perfect
BFINVEST,1153,75563,1150,0.9997,1.0222,0.089,0,0,Perfect
HITECH,1154,67430,907,0.9999,1.0006,0.0986,0,0,Perfect
INDORAMA,1154,76659,1150,0.9997,1.0,0.0728,0,0,Perfect
AVADHSUGAR,1153,81657,1150,0.9923,1.0546,0.1225,0,0,Perfect
SMCGLOBAL,1152,78243,1150,0.9984,1.0418,0.116,0,0,Perfect
AEROENTER,935,66573,932,0.9995,1.0051,0.0828,0,0,Perfect
IKIO,794,58580,790,0.9999,1.0022,0.0854,0,0,Perfect
SURYODAY,1153,85399,1150,0.9998,1.0082,0.0641,0,0,Perfect
GARUDA,468,34703,464,0.9998,1.0004,0.1049,0,0,Perfect
RHETAN,231,16718,227,0.9993,0.9996,0.0296,0,0,Perfect
MCLOUD,387,28691,383,0.9998,1.0,0.1082,0,0,Perfect
INFOBEAN,1154,81658,1150,0.9997,1.0119,0.0614,0,0,Perfect
HINDWAREAP,1153,83916,1150,0.9988,0.9571,0.106,0,0,Perfect
IPL,1153,85498,1150,0.9997,1.012,0.0515,0,0,Perfect
MENONBE,1153,76584,1150,0.9975,1.0374,0.1043,0,0,Perfect
DELTACORP,1154,86274,1150,1.0,1.0308,0.0886,0,0,Perfect
INDOBORAX,1095,72607,1092,0.9974,1.1014,0.1725,0,0,Perfect
JAGSNPHARM,1154,77602,1150,0.9994,1.0216,0.084,0,0,Perfect
DLINKINDIA,1154,85684,1150,0.9969,1.1252,0.1794,0,0,Perfect
POCL,1154,62646,858,1.0,1.0034,0.0945,0,1,Perfect
MBEL,266,19639,262,0.9995,0.9989,0.0454,0,0,Perfect
MOL,1154,86188,1150,0.9993,1.0027,0.0448,0,0,Perfect
DIFFNKG,473,31769,471,0.9992,1.0074,0.0514,0,0,Perfect
GTLINFRA,1154,86274,1150,0.9996,1.0,0.1381,0,0,Perfect
VIKRAN,248,18307,244,0.9999,1.0036,0.0194,0,0,Perfect
SPMLINFRA,1154,60825,1130,0.9999,1.0,0.0786,0,0,Perfect
SDBL,1154,85287,1150,0.9789,1.0,1.5792,0,0,Aligned
DOLLAR,1153,83164,1150,0.9991,1.0243,0.0739,0,0,Perfect
MOBIKWIK,424,31508,420,0.9996,0.9995,0.0649,0,0,Perfect
WALCHANNAG,1154,78371,1139,1.0,1.0,0.0721,0,0,Perfect
RGL,1154,77486,1150,0.9987,1.0,0.0747,0,0,Perfect
GOODLUCK,1154,82970,1150,0.9999,1.0104,0.0756,0,0,Perfect
UDS,719,53402,715,0.9998,1.0048,0.0703,0,0,Perfect
RSL,113,7624,110,0.9988,0.9999,0.0408,0,0,Perfect
DIGITIDE,305,22429,302,0.9999,1.0009,0.0411,0,0,Perfect
TECHNOCRAF,11,818,11,0.9992,0.998,0.0106,0,0,Perfect
SHREEPUSHK,1154,76497,1150,0.9995,1.0127,0.0837,0,0,Perfect
NAVKARCORP,1154,85650,1150,0.9999,1.0,0.0748,0,0,Perfect
CLSEL,1152,82511,1150,0.9997,1.0187,0.073,0,0,Perfect
ARFIN,275,18693,273,0.9995,0.9996,0.0524,0,0,Perfect
ONEPOINT,1153,80088,1149,0.9999,1.0,0.092,0,0,Perfect
IVALUE,231,16447,228,0.9982,0.9996,0.0467,0,0,Perfect
NIITLTD,1154,86150,1150,0.5248,1.0137,0.7386,0,1,Aligned
MBAPL,1154,73494,1150,0.9999,1.0052,0.0627,0,0,Perfect
BHARATSE,357,25190,353,0.9996,1.0085,0.0523,0,0,Perfect
TEXINFRA,1153,72550,1150,0.9998,1.0046,0.067,0,0,Perfect
ASIANTILES,1154,85576,1150,0.9316,1.0,0.4046,0,0,Aligned
PNBGILTS,1154,85717,1150,0.9969,1.0181,0.1221,0,0,Perfect
GPTINFRA,1153,70392,1150,0.9993,1.0551,0.1651,0,0,Perfect
SPIC,1153,86096,1150,0.9945,1.035,0.0719,0,0,Perfect
SIGNPOST,629,39384,626,0.9991,1.0017,0.0677,0,0,Perfect
JAYBARMARU,1153,77594,1149,0.9995,1.0206,0.0601,0,0,Perfect
KROSS,488,36103,484,0.999,1.0,0.0274,0,0,Perfect
AGL,41,3017,41,0.9993,1.0,0.0314,0,0,Perfect
DCW,1154,86044,1150,0.9998,1.0054,0.086,0,0,Perfect
STEELXIND,1154,85554,1150,0.9999,1.0,0.0578,0,0,Perfect
SKMEGGPROD,1154,59677,845,0.9997,1.0083,0.0837,0,0,Perfect
DEN,1152,85910,1150,0.9999,1.0,0.0541,0,0,Perfect
UGROCAP,1153,82468,1150,0.9996,0.9805,0.0737,0,0,Perfect
IGARASHI,1154,81040,1150,0.9997,1.01,0.0472,0,0,Perfect
ATULAUTO,1154,85372,1150,0.9999,1.0,0.0624,0,0,Perfect
MODISONLTD,1153,70001,1149,0.9992,1.0653,0.1,0,0,Perfect
WEL,1154,55913,1137,0.9999,1.0047,0.0995,0,0,Perfect
ONIDA,1154,74730,1149,0.9966,0.9277,0.1196,0,0,Perfect
KALAMANDIR,724,53987,720,0.9997,1.0229,0.0859,0,0,Perfect
ALLTIME,260,17482,256,0.9987,0.9993,0.0389,0,0,Perfect
JAGRAN,1153,84252,1150,0.9309,1.2946,0.3003,0,0,Aligned
STLNETWORK,247,18143,243,0.9994,1.0005,0.0504,0,0,Perfect
ANDHRSUGAR,1154,84582,1150,0.9982,1.0197,0.082,0,0,Perfect
GALAPREC,492,33598,489,0.9992,1.0005,0.0577,0,0,Perfect
BLKASHYAP,1154,80446,1150,0.9999,1.0,0.0671,0,0,Perfect
MANAKCOAT,1153,64842,1150,0.9999,1.003,0.0731,0,0,Perfect
BHAGYANGR,1154,69853,1150,1.0,1.0,0.0566,0,0,Perfect
GCSL,245,10067,238,0.9985,1.0014,0.1628,0,0,Perfect
AVTNPL,1152,81498,1150,0.9985,1.0298,0.078,0,0,Perfect
SHRIRAMPPS,1154,85821,1150,0.9999,1.0,0.0455,0,0,Perfect
ASTEC,1154,79812,1150,0.9999,0.994,0.0729,0,0,Perfect
SOLARWORLD,228,16752,225,0.9997,0.9999,0.037,0,0,Perfect
BHARATWIRE,1154,81076,1149,0.9999,1.0,0.0645,0,0,Perfect
DOLATALGO,1153,84224,1150,0.9999,1.0067,0.0488,0,0,Perfect
RAJRILTD,1152,36871,1026,1.0,1.0,0.0567,0,1,Perfect
CAPITALSFB,629,42721,627,0.9965,1.0272,0.0686,0,0,Perfect
DHANBANK,1154,85462,1149,0.9596,0.8129,0.283,0,0,Aligned
IZMO,1153,66369,1149,1.0,1.0,0.1081,0,0,Perfect
SIGACHI,1153,79682,1090,0.9999,1.0044,0.0582,0,0,Perfect
GKSL,168,11881,164,0.9994,0.9991,0.0337,0,0,Perfect
PLATIND,617,44671,612,0.9997,1.0002,0.0993,0,0,Perfect
MANALIPETC,1154,85690,1150,0.9985,1.0164,0.0685,0,0,Perfect
GHCLTEXTIL,797,57209,793,0.9989,1.0125,0.0504,0,0,Perfect
BODALCHEM,1153,84517,1150,0.9997,1.0013,0.0598,0,0,Perfect
SULA,913,68251,909,0.9996,1.0259,0.1342,0,0,Perfect
GPTHEALTH,618,45258,616,0.9953,1.0244,0.0593,0,0,Perfect
ARIS,296,21711,292,0.9994,0.9992,0.0574,0,0,Perfect
GODAVARIB,456,31298,453,0.9994,1.0005,0.0682,0,0,Perfect
EKC,1153,85585,1150,0.9996,1.0093,0.0869,0,0,Perfect
ROTO,1081,76391,1077,0.9998,1.0067,0.0456,0,0,Perfect
ANDHRAPAP,1153,81617,1150,0.9946,1.0387,0.1062,0,0,Perfect
JYOTISTRUC,1154,57180,841,0.9932,0.9043,0.2549,0,0,Perfect
PRECAM,1154,84790,1150,0.9997,1.0175,0.0694,0,0,Perfect
KRISHANA,1154,74387,1150,1.0,1.0048,0.0601,0,0,Perfect
APEX,1154,83197,1150,0.9985,1.0166,0.0958,0,0,Perfect
RUPA,1153,85356,1150,0.9998,1.025,0.0528,0,0,Perfect
FINOPB,1154,85100,1150,0.9998,1.0,0.0442,0,0,Perfect
IRMENERGY,705,51510,701,0.9998,1.0044,0.0901,0,0,Perfect
SHREDIGCEM,1154,84454,1150,0.9851,1.042,0.1574,0,0,Perfect
THEMISMED,1154,69249,1150,0.9998,1.0092,0.1021,0,0,Perfect
RIIL,1154,85975,1150,0.9996,1.01,0.0606,0,0,Perfect
WAAREEINDO,1153,15028,219,0.9998,1.0,0.0374,0,0,Perfect
RAMBHAJO,43,3207,43,0.9984,0.9996,0.0349,0,0,Perfect
BALAJITELE,1153,77758,1150,0.9997,1.0,0.0784,0,0,Perfect
UTTAMSUGAR,1154,82428,1150,0.999,1.0168,0.0534,0,0,Perfect
COMSYN,645,28923,639,0.9998,1.0017,0.1249,0,0,Perfect
DHAMPURSUG,1154,85911,1150,0.9995,1.0153,0.0766,0,0,Perfect
MUNJALAU,1153,81499,1150,0.9988,1.0389,0.1101,0,0,Perfect
CENTRUM,1154,78915,1150,0.9995,1.0,0.0668,0,0,Perfect
ORIENTTECH,501,37133,497,0.9997,1.0005,0.0645,0,0,Perfect
IRISDOREME,1152,48233,821,0.3727,0.5019,1.105,0,0,Aligned
BOROSCI,555,37662,552,0.9995,1.0009,0.0562,0,0,Perfect
GREENPOWER,1154,86182,1149,0.9963,1.004,0.115,0,0,Perfect
AWHCL,1154,85572,1150,0.9999,1.0013,0.0592,0,0,Perfect
LAXMIDENTL,402,29453,398,0.9998,1.0003,0.05,0,0,Perfect
HARIOMPIPE,1085,79386,1062,0.9999,1.0019,0.0929,0,0,Perfect
SALSTEEL,1152,67721,1149,0.9999,1.0,0.0646,0,0,Perfect
MADRASFERT,1152,83946,1150,0.9999,1.0,0.0691,0,0,Perfect
BCLIND,1153,84388,1150,0.9993,1.012,0.0644,0,0,Perfect
BAJAJHCARE,1154,83610,1150,0.9997,1.0059,0.0484,0,0,Perfect
SEPC,1154,84970,1150,0.9973,0.9216,0.141,0,0,Perfect
AFSL,910,52577,908,0.9999,1.0,0.0751,0,0,Perfect
TCC,125,5420,125,0.9978,0.9992,0.0684,0,0,Perfect
SRM,598,41113,595,0.9997,1.0005,0.0885,0,0,Perfect
HMAAGRO,782,57182,779,0.9999,1.0116,0.0546,0,0,Perfect
JARO,227,16666,225,0.9996,1.0046,0.0295,0,0,Perfect
NELCAST,1153,80484,1150,0.9997,1.0123,0.0471,0,0,Perfect
BHAGERIA,1153,70307,1150,0.9961,1.0245,0.0917,0,0,Perfect
SALASAR,1154,85362,1150,0.1111,1.0067,4.1678,0,0,Aligned
DAMCAPITAL,418,31028,414,0.9998,1.0078,0.0602,0,0,Perfect
XTRANET,22,1643,22,0.9989,1.0,0.0228,0,0,Perfect
GAYAPROJ,1154,21861,301,0.9999,2.0,0.2468,0,0,Perfect
UNITECH,1154,85302,1149,1.0,1.0,0.0803,0,0,Perfect
KAMDHENU,1154,61709,845,0.9997,1.0096,0.0719,0,0,Perfect
SUBEXLTD,1154,86171,1150,1.0,1.0,0.1099,0,0,Perfect
MASTERTR,430,30084,427,0.9995,0.9988,0.0874,0,0,Perfect
ZUARI,1154,84701,1150,0.9999,1.0,0.0609,0,0,Perfect
TNPETRO,1154,84812,1150,0.9813,1.0244,0.0824,0,0,Perfect
MICEL,1154,75447,1076,0.9999,1.0,0.0924,0,0,Perfect
