Date,Open,High,Low,Close,Volume
2022-03-28,29.154539675085058,30.60779494160078,27.701284408569336,27.701284408569336,42214051
2022-03-29,26.337459564208984,26.82933054357727,26.337459564208984,26.337459564208984,107432712
2022-03-30,25.040710469763933,27.63421354027636,25.040710469763933,27.567138671875,114514962
2022-03-31,27.052909006969646,28.930962271201142,26.516322615910813,28.81917381286621,20994001
2022-04-01,28.55087931424845,30.250072811939294,27.38827578205896,28.953319549560547,86487987
2022-04-04,29.691127827514595,29.93706423069243,28.863889640986226,29.534622192382812,9315387
2022-04-05,29.512267660781156,30.7643038446735,28.70738712891813,29.981781005859375,29860846
2022-04-06,29.98177946336655,30.74194277897186,29.735843061430206,30.51836585998535,10740220
2022-04-07,30.83137351262484,30.83137351262484,29.6016968774504,30.182998657226562,7857918
2022-04-08,30.406575434247276,31.68096923828125,30.182998516548952,31.68096923828125,28488199
2022-04-11,32.41877410488076,33.4472314845117,31.122024430242345,32.6199951171875,30039577
2022-04-12,32.61999566110171,32.79885719408908,30.406575235127203,30.987878799438477,9765749
2022-04-13,31.07730952234515,33.00007816346727,30.85373260642451,32.664710998535156,12054588
2022-04-18,32.19519963348946,32.41877656294782,30.652513447073,30.809019088745117,12005557
2022-04-19,30.965517227291567,31.300884370064345,28.617952601035228,29.31104278564453,8412845
2022-04-20,29.40047434921654,29.91470302695442,28.88624567147866,29.713483810424805,7268514
2022-04-21,29.82527535311629,31.166742308738748,29.82527535311629,30.831375122070312,6712435
2022-04-22,30.58543425446992,32.016333564975966,29.959417149411788,31.770397186279297,15376765
2022-04-25,31.099663609859817,32.239911187735196,31.010232848705133,31.323244094848633,8601343
2022-04-26,31.926905981991837,33.98382081113147,30.831373700340343,33.223655700683594,22289685
2022-04-27,32.8659299768687,33.067150979776656,31.792757264863077,31.993974685668945,10325935
2022-04-28,32.3293450236833,32.485850661640065,30.85373374218583,31.59153938293457,6260336
2022-04-29,31.63625466168777,31.748044914439536,30.563081847260033,31.07731056213379,6765768
2022-05-02,30.496003727900764,31.256168768523043,29.914701997981325,31.12202262878418,3898186
2022-05-04,31.435030475849935,31.47974585602985,29.959417556759572,30.138280868530273,3899081
2022-05-05,30.138284029701385,31.278531717041687,29.847632236994748,31.099666595458984,9270277
2022-05-06,29.959419947435006,30.361860192218867,29.19925663266654,30.182998657226562,5260313
2022-05-09,29.512266655830118,30.071208963019583,29.06510922797612,29.556982040405273,5668224
2022-05-10,29.512266041213124,30.048852435991375,28.70738555352016,28.998037338256836,6053448
2022-05-11,29.467551278275064,29.489907179516756,27.746001807516535,28.21551513671875,8707127
2022-05-12,27.388274589796495,27.76835711721506,26.225671108217295,27.00819206237793,10027505
2022-05-13,27.365919707537312,28.886248182166888,27.365919707537312,27.924863815307617,4696510
2022-05-16,28.439090973940182,28.439090973940182,26.650470285637596,27.45534896850586,4819836
2022-05-17,27.455347523059025,28.573237409326918,26.963476546237487,28.327301025390625,4163506
2022-05-18,28.93096409664026,28.93096409664026,27.90250663296462,28.304946899414062,3123138
2022-05-19,27.678929613582756,28.126083473704853,26.941122162278756,27.79071807861328,3438327
2022-05-20,28.17080014784918,28.282588610884005,27.56713886535867,27.746002197265625,6234930
2022-05-23,28.03665252745011,28.304946632907356,27.41063533611821,27.947221755981445,6159699
2022-05-24,28.394374915614733,28.394374915614733,27.388275242674194,28.059009552001953,7279277
2022-05-25,28.260230611915773,28.372019073738727,26.896406004522085,27.05290985107422,6055386
2022-05-26,27.50006504814627,27.947220679314164,26.471607633775474,27.67892837524414,5920264
2022-05-27,27.276490090589903,28.729745548682278,27.052911363394212,28.528526306152344,9177270
2022-05-30,28.841532002161127,29.24397225016169,28.059010989263932,28.863889694213867,4358263
2022-05-31,28.617954706311078,29.66876980111101,28.573239322792034,29.333402633666992,10341893
2022-06-01,29.601696858882875,29.802916085623,28.416733817148593,28.84153175354004,6690219
2022-06-02,28.841532644955397,28.863890337506426,28.34966161778148,28.41673469543457,4282101
2022-06-03,28.707383608764133,29.042750754425583,27.991933936826516,28.662668228149414,10301209
2022-06-06,28.685027294021623,29.489905974734864,28.081366044672766,29.288686752319336,3633662
2022-06-07,28.886247170730687,29.378118183272107,28.215514623101907,29.176898956298828,5838060
2022-06-08,29.065107303595717,29.422832147563476,28.729741941486346,29.22161293029785,6613012
2022-06-09,28.75210241079492,29.44519268384984,28.66267163892348,29.132184982299805,3568980
2022-06-10,28.707384944734404,29.60169618074992,28.57323879664742,28.953319549560547,27014610
2022-06-13,28.394375549036507,29.109825256139562,28.30494478341141,28.61795425415039,3916610
2022-06-14,28.573237819664683,28.863887797248516,27.947218901228126,28.19315528869629,6810371
2022-06-15,28.28258726192617,28.640312117626898,27.097624237120996,27.96957778930664,18473641
2022-06-16,28.30494638172782,28.550881001084207,27.09762560446092,27.924863815307617,8730855
2022-06-17,27.34356105608629,27.790716684833594,26.471607490476494,26.82933235168457,15337114
2022-06-20,26.96347742942631,27.61185225932143,26.516321818482776,27.075265884399414,3048788
2022-06-21,27.477706904287125,28.59559506829831,27.142339738663306,28.483806610107422,3496138
2022-06-22,28.43909056828475,28.662669270540412,27.835431116981372,28.59559440612793,2643209
2022-06-23,28.617954740375062,29.93706392891058,28.237872188959585,29.66876983642578,3839176
2022-06-24,29.914703127033686,30.451289497292223,29.400474447575462,30.384218215942383,3129627
2022-06-27,30.67486686403255,31.077308886558765,29.95941895667214,30.09356689453125,9918759
2022-06-28,29.713482728186214,31.032591806099504,29.154538689355437,30.78665542602539,12836171
2022-06-29,30.406576158509033,31.479748971125506,30.07120898292218,31.233816146850586,10258511
2022-06-30,31.166736315137275,32.1057628243859,31.032590182687738,31.47974395751953,6139595
2022-07-01,31.591536378312686,31.591536378312686,30.831371326395764,31.323244094848633,3084846
2022-07-04,31.256170701307127,33.313085468700336,31.211455318629113,33.13422393798828,7584381
2022-07-05,33.24601051597953,34.78869642123997,33.11186438275278,33.804954528808594,13168481
2022-07-06,33.760246426643384,35.101711630108205,33.536669489749684,34.78870391845703,8524789
2022-07-07,35.124069467728766,35.50415203367565,33.26837202327618,33.4695930480957,6606849
2022-07-08,33.46958907332141,33.91674287303682,32.68706813276841,32.955360412597656,4349762
2022-07-11,32.26227557630165,35.3252885670019,32.26227557630165,34.78870391845703,8460825
2022-07-12,34.833418870956564,35.615939931366405,34.34154603382859,34.58748245239258,8795754
2022-07-13,34.6992727104951,34.98992451587957,34.2968306470081,34.58748245239258,2877070
2022-07-14,34.43097137162877,35.45943227033542,34.43097137162877,35.28056716918945,6529909
2022-07-15,35.45942990728214,36.353741025005974,35.369995571618134,35.72772216796875,7550942
2022-07-18,35.9960226747551,36.510251416590066,35.459438030459125,35.61594009399414,4809705
2022-07-19,35.72772368558058,35.72772368558058,33.782595757724664,34.207393646240234,5356268
2022-07-20,34.743988531078294,35.28057317962316,34.252115687809514,34.78870391845703,4046707
2022-07-21,34.76634242383965,36.979762926383835,34.43097524683569,36.46553421020508,7716578
2022-07-22,36.51024663066678,36.53260611229944,35.61593542530109,36.040733337402344,3402900
2022-07-25,36.19724308587811,36.75618720514016,35.41472203533175,35.88423538208008,2902415
2022-07-26,36.04072980543646,36.04072980543646,35.146418687712625,35.72772216796875,3423091
2022-07-27,35.72772216796875,36.06308928487791,35.19113406449373,35.72772216796875,2930509
2022-07-28,35.90658367509316,36.353741025005974,35.54886066084434,35.72772216796875,3772690
2022-07-29,35.79479541741182,35.97366051650863,34.16267870168116,34.565120697021484,4970618
2022-08-01,34.65455633013328,35.32528711321084,34.34154504926125,34.498050689697266,3874133
2022-08-02,34.47569093753905,35.07935036594,34.02853354999257,34.6545524597168,3605334
2022-08-03,34.6545524597168,35.50414827216321,34.52040631808348,34.6545524597168,4688657
2022-08-04,34.76634319093108,35.72772935836147,34.11796830606536,35.52650833129883,8678019
2022-08-05,35.81716012992209,37.73992888268035,35.3476467881776,35.52650833129883,12455304
2022-08-08,35.99602303614996,36.152528683358895,35.05699631710168,35.30293273925781,5271595
2022-08-10,35.32528926540438,36.130169836237314,35.213502585798764,35.70537185668945,7409096
2022-08-11,36.08544758698915,36.174878346511115,35.056990270384546,35.28056716918945,8408611
2022-08-12,35.280573681327375,35.52918846857696,34.98676015579255,35.39358139038086,2129611
2022-08-16,35.68739025710446,36.885257934919814,35.416176163637346,36.2750244140625,9148472
2022-08-17,36.45583308027485,36.59144012429509,35.86819893507458,36.11681365966797,4267799
2022-08-18,36.11681968260122,37.06607277015534,35.80040319378757,35.9812126159668,4969045
2022-08-19,36.2524282001857,36.38803527224759,34.69294143980394,35.257972717285156,7020013
2022-08-22,35.2579698054965,35.70999334170567,35.07716039101283,35.325775146484375,4185491
2022-08-23,35.348370829714256,36.52363552251771,35.144958449057604,36.2750244140625,12809360
2022-08-24,36.52364108663292,37.06607297731539,35.73259804962112,35.89080810546875,6064374
2022-08-25,36.071615316893,36.70444825925442,35.32577468141057,36.02641296386719,12167775
2022-08-26,36.16202254430942,36.54624438237485,36.11682018813191,36.13941955566406,2682248
2022-08-29,35.25797431218476,35.93601332427873,35.05456188433387,35.39358139038086,5590971
2022-08-30,35.93601045094188,39.620015121271024,35.732598039355246,36.84006118774414,15049106
2022-09-01,36.79485956501043,37.69891031982377,35.755198119028826,35.95861053466797,7706886
2022-09-02,36.32023011586765,38.2413355536084,36.1846194355026,36.97566604614258,22993574
2022-09-05,37.33728530694237,38.399546048494535,36.68184936901146,37.65370178222656,10030521
2022-09-06,38.354341793987125,38.941972361819694,37.87971529402749,38.128326416015625,11672466
2022-09-07,38.06052450984695,39.32619396306115,37.879715105261035,38.309139251708984,11982455
2022-09-08,38.85156794974628,42.377365867571406,38.64815917760807,40.54666519165039,25186558
2022-09-09,41.134302035929,42.51297940496789,40.9760919702644,41.17950439453125,18313107
2022-09-12,41.60892226738993,41.60892226738993,40.388455150109245,40.54666519165039,7464735
2022-09-13,40.885680578139564,41.47331476514623,40.591867105749046,41.2473030090332,13736864
2022-09-14,40.456255581960654,41.20209979315068,40.25284681628404,40.65966796875,9899705
2022-09-15,40.90828754674892,41.586326502208216,40.365855658158864,41.15690231323242,4838031
2022-09-16,41.360312073758806,41.360312073758806,38.51255273932505,39.23579406738281,65667350
2022-09-19,40.43365407364907,40.81787584116354,39.50700051049283,39.755615234375,3985765
2022-09-20,39.93643158063445,40.52406582648751,39.41660267896181,39.68782043457031,2320101
2022-09-21,39.77822596870444,40.79528080465178,38.94197693837998,39.23579406738281,5114468
2022-09-22,39.077585051457135,40.45626239878844,38.80637090411393,40.16244888305664,5300694
2022-09-23,40.43365882748447,40.43365882748447,38.6481604447337,38.87417221069336,3077932
2022-09-26,38.128332928917835,38.82897492652934,37.066075679675855,38.24134063720703,9163477
2022-09-27,38.78376706064971,39.0549811766988,37.81191104647108,38.10572814941406,4637668
2022-09-28,40.23024460710352,40.591867037388155,38.03792152371731,38.309139251708984,12867155
2022-09-29,39.054980134259104,39.981630149916185,38.30913952447532,39.16798782348633,7192059
2022-09-30,39.416597084080784,40.04943359585682,38.58035181086213,39.55220413208008,10679643
2022-10-03,39.59741301496153,40.27544830482829,39.19058821992855,39.57481002807617,9003148
2022-10-04,40.07204268522039,40.07204268522039,39.213194295951205,39.416603088378906,2775623
2022-10-06,39.778225146068756,40.45626048230709,39.57481273464067,39.68782043457031,3067719
2022-10-07,39.68781244017153,39.84601884286937,39.23578535261889,39.348793029785156,3094032
2022-10-10,39.32619878075087,39.891230049857896,38.94197693837998,39.23579406738281,2557086
2022-10-11,39.32619797718,39.50700740022156,38.48995258505619,38.73856735229492,2523708
2022-10-12,38.87417311707399,39.371399013778436,38.715963066656954,38.85157012939453,2108608
2022-10-13,38.85157468909974,39.77822849156354,38.76116996999793,39.439208984375,3845753
2022-10-14,39.77822524097438,40.976089481743294,39.620015184918046,40.117244720458984,3364946
2022-10-17,40.20764761931837,40.32065169330941,39.846025167653224,40.07204055786133,1140547
2022-10-18,40.139842567356396,40.50146140051503,39.23579186334676,39.37139892578125,2407745
2022-10-19,39.52960633649091,40.63706937076455,39.41659864811772,40.29804992675781,3303251
2022-10-20,40.23024778998735,40.34325548735074,39.461804138587695,39.62001419067383,1880123
2022-10-21,39.823429578158205,39.91383429437023,38.46735159275111,38.69336700439453,4259913
2022-10-24,39.213189982737624,39.461801104038344,38.94197225414431,39.258392333984375,401396
2022-10-25,38.98717789570171,39.43920506743072,38.73856675341953,39.00978088378906,1533494
2022-10-27,39.21319420416811,39.371400640006776,38.64816294219983,38.987178802490234,4227099
2022-10-28,38.98717471319143,39.64261423975083,36.568839862021505,38.128326416015625,3864614
2022-10-31,38.39954241352974,40.411052390521604,38.21873301619735,39.55220413208008,11574574
2022-11-01,38.15092912320944,38.71596032177972,37.02086672606887,37.359886169433594,14014838
2022-11-02,37.38249046333732,37.7215099514023,36.9304668933262,37.246883392333984,3292163
2022-11-03,37.06607408511701,37.42769294230431,36.320233381611544,36.727054595947266,7479220
2022-11-04,36.727048058066735,36.975662788683074,36.433230978348575,36.61404037475586,8257979
2022-11-07,37.06607177045278,37.83451541510211,36.90786171975643,37.38248825073242,3925296
2022-11-09,37.97012410759692,38.01532646386247,37.11127571743811,37.518096923828125,3922611
2022-11-10,37.518097329850995,37.608502043360474,36.772256632841156,37.33728790283203,2494301
2022-11-11,37.94752020168376,38.08312726720269,37.359889584435045,37.54069900512695,3245390
2022-11-14,37.85711751796918,38.01532758010074,37.06607444953804,37.49549865722656,3820255
2022-11-15,37.7667116938453,37.7667116938453,30.78292049246755,37.518096923828125,5723186
2022-11-16,41.134293492879436,45.02623277946225,38.065042031555045,38.38146209716797,14143868
2022-11-17,38.57131619454535,38.9193776002798,37.84355571659808,38.28654098510742,2405309
2022-11-18,38.47639010925601,38.47639010925601,36.925945380145016,37.368927001953125,2559228
2022-11-21,37.52713493808926,37.52713493808926,36.388030609184945,36.67280578613281,4210775
2022-11-22,36.70445251464844,36.831021290462466,36.32475342943311,36.70445251464844,1386850
2022-11-23,36.86265328902348,36.92593947153781,36.13489296956453,36.45131301879883,2025665
2022-11-24,36.67281122597328,37.02087264362682,36.4196772954586,36.70445251464844,1750156
2022-11-25,36.862657921171966,36.95758539631579,36.00833237155503,36.10325622558594,1918634
2022-11-28,36.198177950523856,38.03340132274785,36.10325410207614,37.81190872192383,6092457
2022-11-29,37.8119148560269,38.381468902448155,37.74863228012897,38.001766204833984,6848467
2022-11-30,38.00176671524601,39.425646418753715,37.78027407551504,38.88773727416992,8233966
2022-12-01,39.04594319160301,39.04594319160301,37.97012491688502,38.001766204833984,3511167
2022-12-02,37.97012217424068,38.223256080661415,37.368926883295785,38.09668731689453,2698366
2022-12-05,38.28653949932754,38.60295598407798,37.90684044184963,38.47639083862305,2173218
2022-12-06,38.47639233177046,38.602957482136986,38.033407063261116,38.28654098510742,3508505
2022-12-07,38.28654141748797,38.381468902448155,37.84355614397587,38.001766204833984,1790131
2022-12-08,38.191617553641066,38.22325884159003,37.78027356807794,38.001766204833984,1202132
2022-12-09,38.03340749278295,38.191617553641066,37.71699099218001,38.001766204833984,1609780
2022-12-12,38.09668872224818,38.25489877751476,37.27400440131094,37.4638557434082,4178169
2022-12-13,37.68534513225788,39.01429717045288,37.55877637470401,38.571311950683594,4320161
2022-12-14,38.824448481127995,40.12175920231042,38.63459716016861,39.42564010620117,7786019
2022-12-15,39.2674338610557,39.77370530621476,38.28653949932754,38.47639083862305,1853553
2022-12-16,38.03340377508008,38.349823865866774,36.89429941469646,37.27400207519531,2864136
2022-12-19,37.59041895598842,37.59041895598842,36.672807200674555,36.989227294921875,5531641
2022-12-20,37.02086639404297,37.21071771515805,36.45131605181049,37.02086639404297,3866600
2022-12-21,37.11578991348303,37.55877511843531,36.38802953995077,36.577880859375,1948682
2022-12-22,36.704451886332734,36.86266194811364,35.56535102907278,36.32475280761719,2435859
2022-12-23,36.03997375400226,36.03997375400226,34.36296031378299,35.37549591064453,14832618
2022-12-26,35.37549740958065,37.33728611690333,34.679378251964046,36.1348991394043,3082821
2022-12-27,36.451318851459924,37.78027095911035,36.261467515763286,37.368927001953125,2093963
2022-12-28,37.432209421120994,37.495491986269464,36.51459774201752,36.64116287231445,3616049
2022-12-29,36.38803116085086,36.83101638553586,36.2298211174311,36.60952377319336,3536364
2022-12-30,37.02087113883343,37.27400505905893,36.704451022716626,36.89430236816406,1602372
2023-01-02,36.92594620841403,37.17907650020335,36.60952610145114,36.79937744140625,1589575
2023-01-03,36.86266137743831,37.17907787498833,36.29311095762561,36.38803482055664,5934425
2023-01-04,36.5462435248207,36.57788481129118,35.755196878606306,35.85012435913086,2244573
2023-01-05,35.97669475777902,36.07161862149553,35.47042328795108,35.88176727294922,1684149
2023-01-06,35.75519520610748,36.10325658322791,34.616094462000866,34.86922836303711,3719971
2023-01-09,35.2489324508676,35.502070009260244,34.774305865829966,35.18564987182617,6615801
2023-01-10,35.09072097908294,35.375496165109595,34.77430088695292,34.86922836303711,1505761
2023-01-11,35.02743684240849,35.05907812598367,33.856687623450384,34.109825134277344,4741646
2023-01-12,34.299668231849296,34.39459569094595,33.00235767383503,33.22385025024414,8548988
2023-01-13,33.41371167153166,33.41371167153166,31.483560457678596,32.907440185546875,27757957
2023-01-16,33.16057133273231,33.4137052162645,32.78086869687766,33.00236129760742,4558520
2023-01-17,32.875798896631586,33.3187841836724,32.685951163139876,32.907440185546875,5684675
2023-01-18,32.939085095575564,33.12893645018068,32.780875029885735,32.907440185546875,12329919
2023-01-19,32.81250964388111,32.90743349131698,32.36952444695504,32.55937576293945,1863280
2023-01-20,32.717588920466966,32.844154062466465,32.14803491813017,32.40116882324219,1772778
2023-01-23,32.591020719783124,32.780872057171685,31.67340893999931,32.337886810302734,3995138
2023-01-24,32.337883380656045,32.36952466334619,31.831615615388312,32.05310821533203,9259730
2023-01-25,32.05311110731257,32.40116886942027,31.578484581911976,32.17967987060547,4950265
2023-01-27,32.27460368124268,32.81251277696659,30.819082821570337,32.40116882324219,13369269
2023-01-30,32.337886810302734,32.780872057171685,31.73669513320421,32.337886810302734,5596489
2023-01-31,32.55937576293945,32.74922707892386,31.894897967550346,32.55937576293945,5378308
2023-02-01,32.749228718182785,34.26803207985627,32.211319646895866,32.59101867675781,9205134
2023-02-02,32.59102423581805,33.4453535356781,32.369531588488165,32.84415817260742,4545543
2023-02-03,33.00236418946771,33.35042195190608,32.30624504347796,33.12893295288086,2188733
2023-02-06,33.31877914898182,33.98325697913598,33.06564525479635,33.5402717590332,3143141
2023-02-07,33.540274511255475,33.79340842621241,32.021471021513875,32.496097564697266,6871043
2023-02-08,32.27460103794607,34.14146569844622,31.86325711791082,33.95161437988281,4254613
2023-02-09,33.951616670188876,34.10982671651636,33.00236363444993,33.19221496582031,3613439
2023-02-10,33.41370693179007,34.17310862137584,33.12893175083451,33.98325729370117,2902237
2023-02-13,33.98325628604786,34.0781837576269,32.59101808586607,33.16057205200195,4261101
2023-02-14,33.35042123837609,34.14146784527957,32.78087086798497,32.97072219848633,2566347
2023-02-15,32.812510366861375,32.970720403853115,32.40116644335051,32.717586517333984,2017611
2023-02-16,33.571914092575824,33.793406709550744,31.673408016283915,31.98982810974121,11343128
2023-02-17,32.05310929083435,32.27460189820998,31.5152002248276,32.148033142089844,6812525
2023-02-20,32.179677655428435,32.68594543152366,31.958181429634912,32.43280792236328,4514082
2023-02-21,32.43280677718633,32.559375527297476,31.736691325469266,31.863256454467773,4890223
2023-02-22,31.86325904440135,31.86325904440135,31.23042610574513,31.546842575073242,3188875
2023-02-23,31.546845826544516,31.73669717615416,31.230429324603982,31.61012840270996,4875451
2023-02-24,31.7683351899368,32.021469089621874,31.135498630167646,31.546842575073242,4816196
2023-02-27,31.546844060539307,31.705054113209563,31.072217523641637,31.356992721557617,1594155
2023-02-28,31.35699109240677,31.95818274331528,31.04057462461876,31.325349807739258,7397534
2023-03-01,31.388632131245082,32.021468682977776,31.262066993566275,31.83161735534668,1450955
2023-03-02,31.86326274055807,31.894904029049993,31.610128811509313,31.79998016357422,1209803
2023-03-03,31.926542265195575,31.95818355066243,31.325350599099394,31.451915740966797,4980364
2023-03-06,31.610126775345357,31.736695542273495,31.32535157614845,31.5784854888916,2857448
2023-03-08,31.736694700643113,31.831618557487072,31.293709459811907,31.67340850830078,1653279
2023-03-09,31.73669453507103,31.73669453507103,30.91400662892994,30.9772891998291,4313214
2023-03-10,30.629234564900024,31.42027764521522,30.629234564900024,31.072219848632812,4073280
2023-03-13,30.85072263339316,30.91400520137003,29.61669445228,29.964752197265625,8831544
2023-03-14,29.90147036583211,30.34445378425118,29.458485136856577,29.869827270507812,2452305
2023-03-15,29.964753513256003,30.376097465396718,29.901470942499895,30.281171798706055,2032145
2023-03-16,29.869826776506464,30.376096377201204,29.11042509129901,29.458484649658203,8369979
2023-03-17,29.64833553632013,30.091320751396402,29.110424659362305,29.268632888793945,1851308
2023-03-20,29.26863332307812,29.77490292377286,28.57251601691617,29.458484649658203,5599531
2023-03-21,29.616696012266807,30.05967944310722,29.01550072148154,29.774904251098633,2883474
2023-03-22,29.93311425911872,30.21788946795887,29.490128991539276,30.028039932250977,1822141
2023-03-23,29.74325974421275,30.502661427256143,29.490125849864953,30.18624496459961,4431760
2023-03-24,30.05967829423621,30.4710204237002,29.806544397557378,30.154603958129883,1576494
2023-03-27,30.186245086163098,30.186245086163098,29.426843400061504,29.9331111907959,1468160
2023-03-28,29.774905557172985,29.964755089987612,29.363561583387543,29.616697311401367,1678092
2023-03-29,29.585051357735146,30.091320954332204,29.110424855682943,29.964752197265625,4175334
2023-03-31,30.12296521884707,30.945649547285658,29.869829490223736,30.534305572509766,5019901
2023-04-03,30.787440876018017,32.27460298930695,30.249529981269884,31.546842575073242,1730872
2023-04-05,31.926540610606807,31.926540610606807,31.26206640801321,31.420272827148438,3002334
2023-04-06,31.38863216293506,32.43280903429096,31.0722156973057,32.306243896484375,5866288
2023-04-10,32.33788889195251,32.33788889195251,31.420277053100317,31.61012840270996,7109885
2023-04-11,31.64176429813474,32.211318249895456,31.32534785012058,32.05310821533203,7772655
2023-04-12,32.08475401473291,32.6226631384146,31.83162009646428,32.21132278442383,6705864
2023-04-13,32.27460629332517,32.59102279504549,31.515204516528417,32.084754943847656,7577863
2023-04-17,32.08475057458618,32.49609450558561,31.356990184955635,32.148033142089844,3502919
2023-04-18,32.21131956957749,32.30624342153691,31.578483026509474,31.641765594482422,3746427
2023-04-19,31.70505588807144,32.0531136780947,31.51520453846179,31.61012840270996,2685517
2023-04-20,31.483558703838455,32.05311273592592,31.32535226807516,31.736696243286133,2367414
2023-04-21,31.64176520130335,32.17967788572786,31.51520006693014,31.92654037475586,3887252
2023-04-24,32.08475013561405,32.274601456640376,31.705051114674177,31.958181381225586,3729070
2023-04-25,32.021473179272796,32.59102362102662,31.7683392472585,32.46445846557617,2915188
2023-04-26,32.46445454649465,33.4453488672765,31.989828028625176,33.19221496582031,5529301
2023-04-27,33.41371029033179,34.04654328470533,33.12893508075238,33.318782806396484,5797282
2023-04-28,33.350418599207124,34.10982386111738,33.19221218723637,34.014896392822266,3519418
2023-05-02,34.173111105023956,34.36296244649672,32.970724103847324,33.445350646972656,2675499
2023-05-03,33.41370571231919,33.888332203627385,33.09728563737189,33.666839599609375,15192142
2023-05-04,33.54027287389757,34.10982687058124,33.28713897129805,33.4137077331543,7192705
2023-05-05,33.54027206949792,34.17310862137584,33.28713817296933,33.98325729370117,1908875
2023-05-08,34.23639295887684,34.26803424493839,32.97072341084958,33.287139892578125,9178617
2023-05-09,33.382065067957605,35.154006126226385,33.25549991871739,34.7743034362793,10727175
2023-05-10,34.96415071180316,35.375494641184304,34.805940672553604,35.28056716918945,3352785
2023-05-11,35.81848017670701,35.976690217381105,35.43877752753432,35.72355270385742,2756187
2023-05-12,35.7235558732704,35.818483354542,35.185646756812865,35.34385681152344,1428115
2023-05-15,35.43877668217976,35.43877668217976,34.77429887253439,35.12236022949219,1404609
2023-05-16,35.248925755974874,35.375494511131755,34.74265797757289,34.83758544921875,1637884
2023-05-17,34.8059394414441,35.343852107421114,34.489522995249665,34.964149475097656,4279124
2023-05-18,35.185642795807155,35.31221154954983,34.96415019259203,35.12236022949219,1582571
2023-05-19,35.154006126226385,35.75519782734384,34.64773828703908,34.7743034362793,5630932
2023-05-22,35.09072097908294,35.28056868902541,34.64773574699128,34.86922836303711,8977264
2023-05-23,35.185645283472915,36.008333188183435,34.932511379203454,35.53370666503906,32848205
2023-05-24,35.88176188861001,36.26146452872529,35.05907766317722,35.12236022949219,7857622
2023-05-25,35.28056843524318,35.59698852509711,35.15400329619195,35.37549591064453,6444055
2023-05-26,35.438782430115,35.945050284973505,35.37549985353602,35.59699249267578,7452009
2023-05-29,35.8184815953752,36.51460073235454,35.755195403931275,36.039974212646484,7391305
2023-05-30,36.16653965083076,37.2740027462977,36.071615794553445,36.48295974731445,9929836
2023-05-31,36.64116505765473,37.02086771341698,36.32474859192811,36.60952377319336,12149563
2023-06-01,36.70445214445974,37.08415484695889,36.482963125967466,36.767738342285156,5260197
2023-06-02,37.020869139021876,37.400571809405776,36.41967384776621,36.92594528198242,8321905
2023-06-05,37.17907871202701,37.24236490985243,36.64116956774766,36.767738342285156,8266899
2023-06-06,36.89430386781279,36.89430386781279,36.07161949891844,36.70445251464844,7141980
2023-06-07,36.89430044803825,36.89430044803825,36.22982258411092,36.419673919677734,8744155
2023-06-08,36.577883603591765,36.70444874529484,36.388032269924146,36.48295974731445,2831364
2023-06-09,36.54624135806371,37.0208678692074,36.261466175600084,36.831016540527344,7731066
2023-06-12,36.83102079027358,36.89430336676448,36.451321710214806,36.54624557495117,2270118
2023-06-13,36.546239901811646,37.590416736275444,36.45131605181049,37.02086639404297,7931265
2023-06-14,37.33727974176246,37.46384848567867,36.35638555558356,36.45131301879883,7838073
2023-06-15,36.45132101695725,36.767737514507274,35.50206790319392,36.38803482055664,21153898
2023-06-16,36.64116780848014,36.957587919074804,36.039976116353984,36.51460266113281,6595642
2023-06-19,36.86266207851903,36.86266207851903,36.13490158553362,36.54624557495117,5964006
2023-06-20,36.48296201099339,37.21072248428086,36.261469378156924,36.89430236816406,8330046
2023-06-21,36.89430323624716,36.89430323624716,36.198184033969795,36.32475280761719,6697692
2023-06-22,36.38803116085086,36.704447626577476,36.008332126201495,36.60952377319336,5633091
2023-06-23,36.54624020105984,36.54624020105984,35.02743686192844,35.78683853149414,4770697
2023-06-26,35.47041735852124,36.03997130895043,35.37549351067272,35.91340255737305,3868879
2023-06-27,35.91340366586536,36.039972421349376,35.47041845334051,35.78683853149414,5809399
2023-06-28,35.913405300411235,36.1981804868204,35.723553969100806,35.8184814453125,9946567
2023-06-30,36.00833482951715,36.70445038215381,35.818483487382984,36.51460266113281,21062029
2023-07-03,36.83101638553586,36.925943860032866,36.29310730746674,36.60952377319336,3655948
2023-07-04,36.451319669082814,37.17907650020335,36.29310961560137,36.79937744140625,10326195
2023-07-05,37.02087076994828,37.52713860535471,36.70445065698438,36.95758819580078,10527072
2023-07-06,37.11579392725602,37.27400398073747,36.6411673879248,36.79937744140625,8323350
2023-07-07,36.514601325918704,37.17907556742097,36.45131875455906,36.92594528198242,5641230
2023-07-10,37.30564289468223,37.3372841791436,36.51459991980924,36.60952377319336,3323551
2023-07-11,36.799375408939724,37.27400192205685,36.67280664892247,37.05250930786133,5129781
2023-07-12,37.05251135430869,37.242362694263804,36.70444996087213,36.79937744140625,4360806
2023-07-13,37.05250734737919,37.46385126927956,36.51459829327117,36.577880859375,16933719
2023-07-14,36.86266057629082,37.21072197503326,36.57788537257358,36.7360954284668,6010011
2023-07-17,36.95758869797958,37.62206297778363,36.862661214355256,37.11579513549805,24432456
2023-07-18,37.33728449150902,37.40057068207411,36.799375408939724,37.05250930786133,11591733
2023-07-19,37.17907556742097,37.17907556742097,36.83101780382993,36.92594528198242,2857759
2023-07-20,36.831017247798215,37.4005712447756,36.70444848587669,36.989227294921875,5802607
2023-07-21,36.957582940282144,36.98922422285637,36.57788030716599,36.64116287231445,9340666
2023-07-24,36.70444707011448,37.11579100410187,36.5778819341878,36.67280578613281,23823256
2023-07-25,36.89429951291395,39.64713475607671,36.799375658093005,39.172508239746094,61632514
2023-07-26,39.235791516496526,39.83698680453245,38.3814659443777,39.330718994140625,21105777
2023-07-27,39.55221045606035,39.7737067106539,38.00176564281142,38.06504821777344,8607751
2023-07-28,38.15997086651919,38.887731249716005,37.05250783943153,37.24235916137695,10867386
2023-07-31,37.33728449150902,37.84355228935222,36.45131765583987,37.05250930786133,24580168
2023-08-01,38.57131150421545,38.57131150421545,37.5587759399561,37.68534469604492,11721118
2023-08-02,37.938480377197266,38.12832808861905,37.14743376182123,37.938480377197266,10453702
2023-08-03,37.97012315013162,38.033405723085004,37.432214037801586,37.74863052368164,6823072
2023-08-04,37.90684191289459,38.602957482136986,37.65370436993504,38.28654098510742,9411738
2023-08-07,38.539672189975974,38.60295476069793,37.97012181125239,38.15997314453125,4081180
2023-08-08,38.159972587672215,38.53967162757609,37.84355249645389,38.2232551574707,9728977
2023-08-09,38.383185495668805,38.79900431467344,38.09531233655245,38.671058654785156,3696261
2023-08-10,38.89496155459013,38.89496155459013,38.51112822812471,38.70304489135742,3344448
2023-08-11,38.830990012148526,38.86297551215693,37.80743936985624,37.87141036987305,5131047
2023-08-14,37.87140950435523,38.44715581236,37.19970303801249,37.999351501464844,4501878
2023-08-16,37.839420260979374,39.054887415782616,37.51955797884325,38.79899978637695,6695544
2023-08-17,39.08687680602515,39.11886230532432,37.679492873827094,38.15928268432617,8806228
2023-08-18,38.15928120730387,38.383183354237296,37.67949141537591,38.09531021118164,6140463
2023-08-21,38.57510224090981,38.57510224090981,37.487576941214805,38.19126892089844,9320466
2023-08-22,38.383185580904126,38.54311308048734,37.807439261392894,38.19126892089844,9076840
2023-08-23,38.38318630078653,38.83099062902982,37.83942547099362,38.063323974609375,22714368
2023-08-24,38.351200103759766,38.57510226381505,37.839424783777936,38.351200103759766,6946197
2023-08-25,38.287227601662906,38.639071747655876,37.96736529384491,38.127296447753906,4966731
2023-08-28,38.44715734143101,38.57510300413487,38.1592841759797,38.38318634033203,3884101
2023-08-29,38.415170443256535,38.511126941413906,37.80743863391499,37.83942413330078,8846656
2023-08-30,38.15928120730387,38.479139848420644,37.807437068125985,38.09531021118164,4122051
2023-08-31,38.12729994279552,39.95049915826155,38.063325279064095,39.726600646972656,18127539
2023-09-01,40.078442069039035,42.92519544287141,39.79056891381564,42.189517974853516,28001613
2023-09-04,42.7652642853003,43.500941753318195,41.70972816264594,42.189517974853516,9880254
2023-09-05,42.54136595340685,43.1491014784084,41.45384423357033,41.869659423828125,9375774
2023-09-06,42.66931162306732,42.701297125355914,41.261927559332676,41.869659423828125,5847436
2023-09-07,42.18951871145426,42.82923603189622,41.35788107017156,42.22150421142578,9578433
2023-09-08,42.70129320809459,42.86122070486638,42.09355773884449,42.669307708740234,9239184
2023-09-11,43.181082889757235,43.181082889757235,42.28547426850148,42.8292350769043,9351346
2023-09-12,43.181084907090295,43.181084907090295,40.1424147490153,40.81412124633789,9806643
2023-09-13,40.750147909108115,41.38986520850474,39.246807496868634,40.878089904785156,6519372
2023-09-14,41.26192088510798,42.22150044057561,41.10198973902821,41.7417106628418,4159005
2023-09-15,41.99760129259837,42.221503448860894,41.03802166876062,42.02958679199219,4992499
2023-09-18,42.31745764647833,42.31745764647833,41.45383822827799,41.613765716552734,3300081
2023-09-20,41.58178181930523,41.99760062583482,41.19795217216736,41.5178108215332,3357603
2023-09-21,41.48582536576823,41.48582536576823,40.78213340802738,40.878089904785156,4500336
2023-09-22,40.81412050994113,41.070008171851036,40.07844302438692,40.782135009765625,4386573
2023-09-25,41.133980655375446,41.16596981721025,40.20639013532195,40.846107482910156,4771725
2023-09-26,41.0700051626004,41.19795081443355,40.43028422444587,40.494258880615234,3900123
2023-09-27,40.462268785846845,41.197949860976536,39.72659503172816,40.94205856323242,5357986
2023-09-28,41.03802351224335,41.29391117939451,40.206389509128556,40.33433151245117,3309049
2023-09-29,40.55823203533636,41.51781166339716,40.30234437855386,41.22993850708008,4217121
2023-10-03,41.38986595480887,41.421851454304864,40.23837333093001,40.91007614135742,6465487
2023-10-04,40.910073229358424,40.94205872657767,39.982479167978106,40.30234146118164,3583171
2023-10-05,40.43028659679394,40.62220325555205,39.53468162343244,39.630638122558594,5656890
2023-10-06,39.66262288421337,39.790568541173194,39.470706229026504,39.59865188598633,2420844
2023-10-09,39.0868781444442,39.694609972950005,38.223254991771235,39.34276580810547,6418158
2023-10-10,39.34276778971896,40.81412284500683,39.34276778971896,40.55823516845703,6164671
2023-10-11,40.87809157982312,40.87809157982312,39.982482931362156,40.14241409301758,5314630
2023-10-12,40.142413438909685,40.33433009766779,39.56666712314116,39.630638122558594,2948937
2023-10-13,39.598653358524956,39.8865265217574,39.406736696201364,39.66262435913086,6099406
2023-10-16,39.91851193090233,40.270359754443085,39.598653268097365,40.14241409301758,6113523
2023-10-17,40.36631171450539,40.686174001836335,40.20638423134537,40.270355224609375,2620965
2023-10-18,40.30234374641799,40.30234374641799,39.63063728520988,39.91851043701172,2964916
2023-10-19,39.66262563121419,41.07000965271782,39.47070896273534,40.846107482910156,5212939
2023-10-20,40.97405251058204,41.32589668022517,39.98248368230211,40.33433151245117,3595746
2023-10-23,40.590221804732636,40.68618197393665,38.894964527527456,39.31078338623047,4721647
2023-10-25,39.56666816319266,39.79057032754499,37.99935301272635,38.38318634033203,7632000
2023-10-26,38.095313135631805,38.60708846490817,37.35963564223379,38.063323974609375,10078626
2023-10-27,38.127297753806154,40.14241352376127,38.127297753806154,39.150848388671875,7743169
2023-10-30,39.24680710581596,39.31077810301708,37.87140870295789,38.4471549987793,4069539
2023-10-31,38.70304426355759,39.214819583539416,37.99935228345612,38.351200103759766,4739880
2023-11-01,39.342763800344564,39.56666595218512,37.615521243650086,37.807437896728516,9348556
2023-11-02,37.80744242663793,38.255243123466705,37.35963806930302,37.51956558227539,7814785
2023-11-03,37.80744092902717,37.90339743300961,37.23169092361457,37.29566192626953,12420948
2023-11-06,37.90339746468607,37.90339746468607,37.007788784744214,37.61552429199219,12583476
2023-11-07,37.74346389789661,38.95893117461414,37.55154724146631,38.3192138671875,8559771
2023-11-08,38.51112534648176,38.67105649729295,37.743462411498136,38.09531021118164,4600239
2023-11-09,38.09531499700397,38.35120267414506,37.07176062793353,37.167720794677734,9442471
2023-11-10,37.167719072452144,37.807440065915415,37.10374441075168,37.583534240722656,4817746
2023-11-13,38.19126751342237,38.19126751342237,37.55154655714789,37.64750671386719,5460778
2023-11-15,37.807439154731256,38.86297529102593,37.807439154731256,38.51112747192383,7330456
2023-11-16,38.607087021580064,38.67105802022158,38.22325370871947,38.3192138671875,3178102
2023-11-17,38.31921529975345,38.447157301819594,37.9993529735763,38.063323974609375,4169812
2023-11-20,38.22324987483517,39.02289825916469,37.967362245429506,38.79899978637695,12731863
2023-11-21,39.022902069547655,39.022902069547655,38.44715576229264,38.63907241821289,3069927
2023-11-22,38.63907184606079,38.89495949666346,37.743463238698574,37.807437896728516,4419916
2023-11-23,37.96736522762605,39.182832477899765,37.96736522762605,38.607086181640625,6722049
2023-11-24,38.70304722724945,38.92694940445008,38.38318854289404,38.47914505004883,2621109
2023-11-28,38.639073177952675,39.182833996663625,38.38318551852953,38.830989837646484,4628224
2023-11-29,38.95892726693962,39.374746037413345,38.607083149196356,38.79899978637695,4736427
2023-11-30,38.83098441370059,39.6306327801391,38.575096790020055,39.40673065185547,10503745
2023-12-01,39.662626095736435,39.88652826816641,38.99091957844651,39.24681091308594,10611343
2023-12-04,39.98248225573961,40.11042791500309,39.022902623033765,39.470706939697266,11466438
2023-12-05,39.79056861626846,40.0464562701653,38.95893099572444,39.11886215209961,8552538
2023-12-06,39.34276438291666,39.758583193992926,38.35119926458538,38.63907241821289,10684660
2023-12-07,39.02290506633439,39.4707094110358,38.54311521994089,39.08687973022461,5217186
2023-12-08,39.34276423257242,39.758583042059676,38.86297442485812,39.59865188598633,9929287
2023-12-11,39.98248004423077,40.04645470057685,39.40673376065523,39.5346794128418,10465789
2023-12-12,39.8545435121035,40.398304372246955,39.05489497303923,39.2787971496582,8080233
2023-12-13,39.534679527480485,39.72659617606403,38.31921230045884,38.57509994506836,10041516
2023-12-14,38.89495858570386,39.08687523428741,38.35119779847182,38.57509994506836,11886894
2023-12-15,38.86297754400192,39.150850719634064,38.73503187677318,38.92694854736328,6929977
2023-12-18,39.11886058632581,39.56666487784786,38.70304179269738,39.37474822998047,9272916
2023-12-19,39.56666783734756,39.790569999855975,39.18283451290287,39.50269317626953,16782816
2023-12-20,39.6626222481289,40.078441050947504,37.99935069736013,38.4471549987793,14713762
2023-12-21,38.31921447296539,38.799004291373116,37.807439154731256,38.51112747192383,15182487
2023-12-22,38.575105838028456,39.66262757862875,38.51113117172372,39.31078338623047,8789386
2023-12-26,39.56667194986841,39.63064295708965,38.799008881694775,38.862979888916016,7032088
2023-12-27,38.990914130451294,39.31077642380489,38.383182361989405,39.02289962768555,8268105
2023-12-28,39.11886523191671,39.5026949127279,38.44715871486459,39.08687973022461,11199505
2023-12-29,39.2468091739809,40.68617864988965,39.022903350966615,39.50269317626953,22465375
2024-01-01,39.8225540671178,40.494260530471536,39.47070625562053,39.758583068847656,12135316
2024-01-02,39.85453801939616,40.33432780881186,39.15084608421944,39.37474822998047,18443430
2024-01-03,39.53468247097789,40.04645779830043,39.02290348314947,39.34276580810547,30471666
2024-01-04,39.438722196504315,39.91851202206036,39.438722196504315,39.66262435913086,7149000
2024-01-05,40.110426840263564,42.22150270775232,39.72659719376924,41.99760055541992,62247721
2024-01-08,42.57334689804823,42.7012925540116,41.1979521443498,41.357879638671875,20530251
2024-01-09,41.709727475354995,42.06157162360685,41.38986516548344,41.5178108215332,9976998
2024-01-10,41.54979402678969,41.83766716137836,40.81411661150508,41.10198974609375,9184786
2024-01-11,42.15753119126517,42.15753119126517,40.55823064578818,40.68617630004883,14061396
2024-01-12,40.91007472798359,41.22993703290438,40.17439728347483,40.36631393432617,9757488
2024-01-15,40.36631393432617,40.36631393432617,40.36631393432617,40.36631393432617,0
2024-01-16,40.9420611034207,41.03802126115482,39.72659749650483,40.238372802734375,6033324
2024-01-17,39.982481535854326,40.302343848001016,39.37474973168594,39.59865188598633,9193864
2024-01-18,39.37474822998047,39.82255252150253,38.67105629480375,39.37474822998047,9946036
2024-01-19,39.662618275536005,40.07843703670636,39.15084302817493,39.40673065185547,8685046
2024-01-23,40.174402946029616,40.30234861813292,39.21482321702645,39.31078338623047,8096982
2024-01-24,39.27879394156074,39.566667099271335,38.60708746656549,39.470706939697266,5206584
2024-01-25,39.47070316154047,40.11042407561187,38.54310911731384,38.99091339111328,9548824
2024-01-29,39.34276494093958,39.630638098650174,39.246808441871316,39.470706939697266,7193271
2024-01-30,39.75858434110469,41.901642135777344,39.662624180123046,40.6222038269043,26929200
2024-01-31,41.26192158184272,42.06157000473316,40.52624415426217,41.613765716552734,25933131
2024-02-01,42.44540875531902,45.70797752220387,42.38143409127757,44.74839782714844,97582933
2024-02-02,45.51605997773897,46.18776276896457,44.14066157569479,44.396549224853516,34402702
2024-02-05,44.65243747047754,47.243303155760735,44.3325788198829,45.38811492919922,40382190
2024-02-06,46.37968285800135,47.85103786482757,45.86790752175797,46.63557052612305,34964920
2024-02-07,46.89146018223472,47.24330802863504,44.908329755089184,45.10024642944336,17776971
2024-02-08,46.02783655805403,46.507626371153265,44.68442361717386,45.8998908996582,25931380
2024-02-09,46.059821644785686,46.123792643157465,43.40498494679356,44.10867691040039,18902368
2024-02-12,44.36456630787216,44.68442497280691,42.2215048336458,42.57334899902344,12075450
2024-02-13,42.57334820066333,44.39655097576518,41.32589540425429,43.18108367919922,15813261
2024-02-14,43.149098645530394,44.74839561799756,42.445406659862726,44.65243911743164,15937672
2024-02-15,45.00428758465841,45.420102753568095,44.26860642776654,45.164215087890625,11119137
2024-02-16,44.84435625182731,47.85103722732683,44.84435625182731,46.28372573852539,32003583
2024-02-19,46.5715950100993,47.179326790291995,46.443653018692665,46.763511657714844,8820108
2024-02-20,46.85947052585667,46.891456025329184,45.61201774389982,45.8998908996582,7709629
2024-02-21,46.059825362660746,46.155781867963874,44.588470318309895,44.74839782714844,8032627
2024-02-22,44.84435790768813,45.67599193358537,44.044709383497775,45.54804992675781,8130750
2024-02-23,45.7719490631249,45.7719490631249,44.780380273452636,44.940311431884766,6514231
2024-02-26,45.42010028658422,46.60358204875163,45.13222713589609,46.347694396972656,12577842
2024-02-27,46.69954326100742,47.147347611964506,45.739963554815404,46.0598258972168,12687204
2024-02-28,46.18776100850039,46.73152544517935,44.81236631938558,45.452083587646484,9613461
2024-02-29,45.22818310312757,45.22818310312757,43.94874485921134,44.876338958740234,9368148
2024-03-01,45.004286067009744,45.931876535993865,44.52449625248088,44.78038024902344,10566096
2024-03-04,45.86790869154846,45.86790869154846,44.55648481654218,44.74839782714844,11067373
2024-03-05,45.10024113871312,45.64400193517269,44.49250568463633,45.03627014160156,10330734
2024-03-06,45.29215316250535,45.61201177588497,44.1406570296313,44.8443489074707,9350263
2024-03-07,43.82079625926256,44.8443504461056,42.989162371739596,43.30902099609375,12352458
2024-03-11,43.56491552105943,43.56491552105943,42.093556954630394,42.31745910644531,10677010
2024-03-12,42.317459246627195,42.47739040145498,40.39830003071656,41.357879638671875,16513189
2024-03-13,41.35787838343051,42.18951597068736,39.02290043213931,39.37474822998047,25176024
2024-03-14,39.08687575457184,41.10199144025821,38.47914030271866,40.68617630004883,22989315
2024-03-15,40.87809005002167,41.453840014131075,39.66262278424278,39.91851043701172,18545373
2024-03-18,40.23837436715994,41.13397935762895,39.694609880207544,39.82255554199219,14321896
2024-03-19,40.11042719281415,40.4302858444551,39.2148185756126,39.59865188598633,8842191
2024-03-20,40.014472297906,40.27035996156727,39.0868781444442,39.34276580810547,7707717
2024-03-21,39.91851193090233,40.39830175536273,39.66262426855719,40.14241409301758,9526756
2024-03-22,40.206387831434014,41.00603630035118,40.046456673448276,40.91007614135742,7360320
2024-03-26,40.814121167747786,41.677744328429,40.59021900240472,41.45384216308594,11270950
2024-03-27,41.51781304879021,43.05313904071693,41.453842047586406,41.77370071411133,16096372
2024-03-28,42.22150568239857,42.733281020784425,41.48582817590566,42.28547668457031,14876197
2024-04-01,42.66930836069837,43.404985838606564,42.34944604125598,43.18108367919922,8605108
2024-04-02,43.628888669665294,43.98073283386146,43.24505534462777,43.85279083251953,7918839
2024-04-03,43.98073026546899,45.35612866260922,43.500940467443854,45.196197509765625,13980064
2024-04-04,45.54804841665978,45.612019417952666,44.36456659021179,45.164215087890625,12660855
2024-04-05,45.420099039941206,45.77194683929623,44.716407101736785,45.0042839050293,8873430
2024-04-08,45.22818767467616,45.22818767467616,44.33258264366218,44.74839782714844,5541562
2024-04-09,44.972294798729116,45.19619694571358,43.628885577327985,43.7248420715332,6136837
2024-04-10,44.04470736142791,44.46052252503365,43.72484503803166,44.012718200683594,8781237
2024-04-12,44.428537822894825,44.908327656102124,43.72484582349039,44.524497985839844,11646948
2024-04-15,43.11711034990118,44.42853407514032,42.125545266316706,44.04470443725586,11983602
2024-04-16,43.78881590404765,46.315710680690636,43.21306958051171,45.29216003417969,34246111
2024-04-18,45.38811662497532,45.61201878690864,44.556482638155714,44.81237030029297,15798361
2024-04-19,44.78037880263047,45.22818310312757,43.40498406311015,44.876338958740234,10518754
2024-04-22,45.13222982229926,45.13222982229926,44.396552322081796,44.524497985839844,7711266
2024-04-23,44.5884687927361,46.28372595196452,44.460523129536824,45.48407745361328,18977829
2024-04-24,45.771948238317364,46.18776338593869,45.164212775631256,45.38811492919922,8620792
2024-04-25,45.48407515991611,45.61201715615754,44.652437542323916,44.9083251953125,10586364
2024-04-26,44.94031225800749,45.452087581791154,44.30059127302497,44.49250793457031,10852657
2024-04-29,44.780381096635395,45.03627241903308,44.23662027267848,44.49250793457031,5864943
2024-04-30,44.58846435724887,44.7483918447066,44.14066007135611,44.172645568847656,4598787
2024-05-02,44.42853481949245,44.55648047460127,43.884774021417726,44.076690673828125,4197360
2024-05-03,44.140666201658114,44.30059371132675,43.436974177597946,43.788818359375,5352318
2024-05-06,43.94874880707197,44.108679974617544,43.37300246071752,43.91676330566406,5050248
2024-05-07,43.91676104816472,44.108677707252916,43.05313791252077,43.50094223022461,6510534
2024-05-08,43.18108279198658,44.33257906520737,43.08512629442891,44.10867691040039,5935680
2024-05-09,44.46052265990542,44.55648282141774,43.37300100647557,43.85279083251953,8247819
2024-05-10,43.85279015742126,43.94874665695048,42.9251960199488,43.18108367919922,4076217
2024-05-13,43.18108600938041,43.468959184008405,42.31746282499039,42.957183837890625,3936570
2024-05-14,43.05313720866181,43.884774830945915,43.05313720866181,43.62888717651367,5018227
2024-05-15,43.66087563389475,44.236621980249204,43.564919129671004,43.91676330566406,4154103
2024-05-16,44.3645613926034,45.356126438498265,43.40498184360766,44.46051788330078,15375862
2024-05-17,45.42010383487202,45.42010383487202,43.72484663671058,43.91676330566406,20791717
2024-05-21,44.62045667464916,44.62045667464916,43.62889145883555,44.300594329833984,10037877
2024-05-22,44.620456051676136,44.620456051676136,43.66087635164009,43.788818359375,6263835
2024-05-23,43.85278772431244,43.98072971658607,43.596900079259576,43.7248420715332,4222237
2024-05-24,43.85279079085957,44.332580616447736,43.3730009652714,43.532928466796875,8898597
2024-05-27,43.916762671351876,43.916762671351876,43.27704167091541,43.40498733520508,6611523
2024-05-28,43.628885728074266,43.66087122625319,42.637320642505166,42.925193786621094,7427899
2024-05-29,42.861223059183246,43.277041894641876,42.44540788423058,42.60533905029297,6674617
2024-05-30,42.733278707448946,43.30902501683893,42.38143089353948,42.669307708740234,9483210
2024-05-31,42.98916542579824,43.50094072532486,42.669306778720525,43.27703857421875,8666820
2024-06-03,44.7803789741414,45.004284785753185,42.95717992714104,43.27703857421875,11865204
2024-06-04,43.46895797077172,43.46895797077172,39.854541486752,41.29391098022461,11397487
2024-06-05,41.32589808007683,41.613771257809915,39.88652853090537,41.03802490234375,20843862
2024-06-06,42.02958965036239,43.18108600938041,41.26192663118572,42.957183837890625,14785330
2024-06-07,43.0531364519254,43.62888640965742,42.925194457210964,43.43696975708008,8382237
2024-06-10,43.75682891438125,44.076691225906885,43.26424564007912,43.87837600708008,13160113
2024-06-11,44.39655226640494,44.39655226640494,43.884776933026416,43.97433853149414,7748325
2024-06-12,44.26220744749097,44.300587848428414,43.72484156880553,44.1534538269043,7717560
2024-06-13,44.179049318531156,47.5311796320125,43.91036451915245,46.456451416015625,62213667
2024-06-14,46.57159814437059,49.028123346061506,46.482036548055085,47.28168869018555,50895669
2024-06-18,47.978980654761905,50.53785718267872,47.8510349981132,50.3779296875,69850111
2024-06-19,51.05603267660837,51.17757977311463,48.75304372821413,49.09209442138672,48997138
2024-06-20,49.38636532731402,49.469528358174315,48.36281470056295,48.50994873046875,16881963
2024-06-21,48.90657789312222,49.54629523571565,47.81905255390385,48.67627716064453,21405418
2024-06-24,48.61870193481445,48.89378530214372,47.915013577435865,48.61870193481445,14558149
2024-06-25,48.938564554267295,49.77019858355464,48.234872532329064,48.36921310424805,20128389
2024-06-26,48.29884014892045,49.57827843521779,48.1069234908494,48.26045608520508,16578189
2024-06-27,48.27325369817293,48.51634789013685,47.33926099441804,47.44161605834961,11028129
2024-06-28,47.46720876983578,48.362817449400296,47.076980528770434,48.17729568481445,16352437
2024-07-01,48.20288488213005,48.61870004798817,47.34566029327504,47.473602294921875,10330525
2024-07-02,47.72309346261527,47.74868039788855,46.44365518630713,46.629173278808594,13432156
2024-07-03,47.198519857968726,47.268889418990504,46.57799459710469,46.77630615234375,8092275
2024-07-04,46.942629856465466,47.64632177091152,46.648361820310896,46.7699089050293,9303711
2024-07-05,47.17932888881169,47.44161510756951,46.744321706073464,46.949031829833984,8362263
2024-07-08,47.01939869897653,47.19212331356832,45.29215621356422,46.00224304199219,18545109
2024-07-09,46.341294645198026,47.013001086590734,46.05982006570858,46.264530181884766,9812848
2024-07-10,46.44365102024978,46.77630311199768,45.324140341085666,46.32849884033203,22564147
2024-07-11,46.37967759384629,47.102561546931504,46.251735604560004,46.57159423828125,12933519
2024-07-12,46.782704966408055,47.81265413158937,46.686744809726314,47.39683532714844,17310085
2024-07-15,47.972582378480034,48.631495376186685,47.665517193288316,48.458770751953125,16411174
2024-07-16,48.68267319820015,48.90657535463804,48.10692322714307,48.439579010009766,13585543
2024-07-18,48.618697518979594,48.618697518979594,47.2113172715429,47.627132415771484,10289253
2024-07-19,47.595147022849055,47.620737618207706,45.89988996190043,46.437255859375,9782871
2024-07-22,46.59718833534415,47.05138755616223,45.77194926459108,46.43085861206055,5764704
2024-07-23,46.693140290668204,46.693140290668204,44.524492139929734,45.9190788269043,6216912
2024-07-24,45.96386537858043,46.974622532066206,45.81672768897784,46.69953918457031,6329671
2024-07-25,46.571601473485984,47.819054365354944,46.20696015846068,47.460811614990234,7231227
2024-07-26,47.94059478030138,48.420384568720344,46.57799353823421,48.113319396972656,10274719
2024-07-29,48.17090122458881,49.25842292221573,47.6911113790461,48.22847366333008,9080923
2024-07-30,48.36281608577186,48.68267475066652,47.659120434093005,47.79346466064453,6568423
2024-07-31,47.88302486114053,48.26685451571432,47.08977129557916,47.24970245361328,7771062
2024-08-01,47.524779018690325,47.55676817906338,46.71873197631617,46.891456604003906,5583924
2024-08-02,46.31570692074821,47.62713062256481,46.11739537177549,46.71233367919922,8920695
2024-08-05,45.93187203235861,46.29011837760591,44.402944804096265,44.81875991821289,13840476
2024-08-06,45.98305565672448,46.90425491444388,44.62045429340944,45.48407745361328,29628448
2024-08-07,46.57159929587474,46.57159929587474,44.81237112860051,45.78474426269531,11899590
2024-08-08,45.84232228636847,46.2453440059262,45.336941835257676,46.0598258972168,7247401
2024-08-09,46.981016211574854,46.981016211574854,45.509661316918674,45.58642578125,6030079
2024-08-12,45.5864250749616,46.04702649583596,45.23458093625842,45.71437072753906,8726301
2024-08-13,45.74636083679829,45.86790793782188,44.594864489552585,44.71641159057617,5941266
2024-08-14,45.039973137083926,45.23410798363782,44.06928409277509,44.658164978027344,6649956
2024-08-16,44.87172166759391,46.12714785432893,44.46403401079965,45.60944747924805,14443860
2024-08-19,45.86829873765852,47.007239589426895,45.687101750707285,46.48306655883789,11119485
2024-08-20,46.55424757817376,47.078420572206184,46.44423486499115,46.57366180419922,5892699
2024-08-21,46.59307885021953,46.923113306857324,46.321287075183186,46.76780319213867,4154206
2024-08-22,46.767799627696434,47.20784306775178,46.767799627696434,46.94252395629883,4032391
2024-08-23,46.94252757881771,47.27256203577019,45.570619712718845,45.8165283203125,8686233
2024-08-26,46.32775332703867,46.463649206670155,45.65474286898251,45.738868713378906,6222352
2024-08-27,45.93300403698389,46.560717058592516,45.492956917027854,46.463645935058594,9209260
2024-08-28,46.46364604326306,46.54777558481663,45.007612512826135,45.311763763427734,9719284
2024-08-29,45.52532003760622,45.74534176359274,45.11115604915359,45.39589309692383,5708233
2024-08-30,45.62238479234125,45.771222247662884,45.32470617881317,45.57708740234375,5209510
2024-09-02,45.7259284481464,45.76475690141303,45.234111247796015,45.46060562133789,4237374
2024-09-03,45.525320734697836,45.84888253703069,45.48649228161007,45.60297393798828,3248889
2024-09-04,45.492956577987066,45.512370802549164,45.26646222860888,45.337646484375,2756305
2024-09-05,45.44119036271301,45.76475586207314,45.26646602986635,45.27941131591797,4471080
2024-09-06,45.298824306012094,45.91359582596623,44.92996509692484,45.24058532714844,8290030
2024-09-09,45.24058100608227,45.395891106359926,44.36695937771741,44.89113235473633,4582149
2024-09-10,45.05291940091567,45.62238982299226,45.05291940091567,45.24058532714844,5133048
2024-09-11,45.2923514157559,45.38294990072503,45.03997388929002,45.12409973144531,4383783
2024-09-12,45.00761667853151,45.162926788037545,44.58698744625587,44.65169906616211,7957216
2024-09-13,44.68405736325824,45.169401945339814,44.58698992799605,44.98820495605469,4468951
2024-09-16,45.29882217313294,45.46060492400554,44.92996298141329,45.25352478027344,4686688
2024-09-17,45.499431886865686,45.499431886865686,45.039974221586235,45.09821319580078,4933549
2024-09-18,45.098215123208256,45.62238813085088,45.03997614650469,45.28588104248047,6193939
2024-09-19,45.59003490391325,45.622390715667315,44.47697720572399,44.98820495605469,4889107
2024-09-20,45.350596536600364,45.42824974012696,44.65169919043553,44.76818084716797,6149581
2024-09-23,44.819949572647566,45.266465662797074,44.819949572647566,45.046443939208984,3538174
2024-09-24,45.208227013824384,46.9036966023413,44.76817986058758,45.85535430908203,14238487
2024-09-25,45.62238754898226,46.35364069310024,45.34412314374949,46.08831787109375,8158032
2024-09-26,46.72249996631499,46.8519269074615,46.107732178802976,46.78074264526367,10290378
2024-09-27,46.916636067785035,47.110774617887856,46.30186831249177,46.8778076171875,13513890
2024-09-30,46.877809991172505,47.279028694267545,45.667684941716765,46.08831787109375,16126812
2024-10-01,46.26950980567949,46.5024768114347,45.17587014557001,45.415306091308594,11436787
2024-10-03,44.716410406434505,45.17587179181979,43.920445637333025,44.159881591796875,12078375
2024-10-04,44.159883464167685,44.37990890441816,42.98211416545366,43.65512466430664,20243032
2024-10-07,43.875147956092505,44.06928651620719,42.134377261007025,42.65855026245117,10479784
2024-10-08,42.99505195507388,42.99505195507388,41.797872237643844,42.7038459777832,10676914
2024-10-09,43.2927304225544,43.8622007923983,42.93681282998379,43.163307189941406,16293144
2024-10-10,43.19566144535394,43.44803896160806,42.62619109598061,42.69090270996094,5935389
2024-10-11,43.279787733986616,43.29272931634026,42.14084702340099,42.66501998901367,10799857
2024-10-14,42.93033863076194,42.93033863076194,42.00495070189732,42.05672073364258,6799323
2024-10-15,42.22497733579114,42.6973803191447,41.10544702870511,41.6619758605957,32690989
2024-10-16,41.66197385019473,42.36734382097757,41.3707678645771,41.733158111572266,5039017
2024-10-17,41.80434481616384,41.94024070386871,41.12486167475429,41.319000244140625,8404308
2024-10-18,41.403128009407794,41.636095044028664,40.74953170835192,41.50666809082031,5221975
2024-10-21,41.67491837815427,41.836697421174236,40.93071996872264,41.1507453918457,5238621
2024-10-22,41.09897576685297,41.422537559000574,40.535974323458085,40.86600875854492,10997809
2024-10-23,41.092502190594985,41.733156820284954,40.08945732512274,41.37723922729492,9502246
2024-10-24,41.54549046890731,41.54549046890731,40.60715722980378,40.76893997192383,5459446
2024-10-25,40.89189715110385,41.00837880815565,40.10240131292247,40.38713836669922,6474712
2024-10-28,40.121813746027485,40.768941028392184,39.37761903760631,40.31595230102539,8509683
2024-10-29,40.315952199051466,40.56832972789093,39.48763164956615,39.62352752685547,4746571
2024-10-30,39.72706749583667,41.02779099401772,39.54587422753398,40.45832061767578,3917749
2024-10-31,40.45832165016897,40.74305499416385,40.089458758406835,40.6395149230957,6352522
2024-11-01,41.15722007850951,41.454895013602204,40.89189725074242,41.39665603637695,1243398
2024-11-04,42.063193651631735,42.956229560863974,41.12486034891997,42.54853820800781,18328413
2024-11-05,42.54853649922573,42.57442336794947,41.260754575179895,41.584320068359375,5242975
2024-11-06,41.759044894487175,42.34792950749979,41.4225378143864,41.93376922607422,4139835
2024-11-07,41.93377133612134,42.25733314654499,41.54549420130482,41.6619758605957,3192076
2024-11-08,41.83023010793628,41.83023010793628,41.09250431268973,41.42253875732422,2901166
2024-11-11,40.1218149332313,41.06014822441565,39.73354151463143,40.930721282958984,6383440
2024-11-12,40.963081288462675,41.215458828445605,40.13475699951859,40.27065658569336,2929831
2024-11-13,40.12181228224513,40.380662445170266,38.83403040738954,39.00875473022461,6955237
2024-11-14,39.00875702552778,39.688240131769355,38.8922753710788,39.42938995361328,8762028
2024-11-18,38.82756386945333,40.02474733562048,38.82756386945333,39.487632751464844,4863874
2024-11-19,39.26761139173535,40.08298668583748,39.26761139173535,39.778839111328125,19540149
2024-11-21,39.494103732270304,40.12181683720881,39.47468950498625,39.79178237915039,8039115
2024-11-22,39.79178183655443,40.41302228963201,39.72707021508014,40.01827621459961,5739913
2024-11-25,40.38714105132488,41.42901449952173,39.74648634062652,40.147705078125,8786053
2024-11-26,40.37419522731987,40.59421694946875,40.22535406298698,40.49067687988281,5462283
2024-11-27,40.58774696837046,41.674921473207064,40.51009376253083,41.51961135864258,5822449
2024-11-28,41.5454950741065,41.771989457026876,41.07956472426936,41.29311752319336,5012443
2024-11-29,41.24134380390812,41.51313555800353,41.17015954395267,41.40959548950195,3950179
2024-12-02,41.40959290491284,41.73315467306386,40.90483417675105,41.39017868041992,4093395
2024-12-03,41.33841142449211,41.480779945074396,40.96307960012512,41.208988189697266,5988865
2024-12-04,41.65550643358078,41.681389600727435,40.78835738512058,41.25428771972656,3827031
2024-12-05,41.38371141412353,41.48078254919865,41.1054469983835,41.286643981933594,2497809
2024-12-06,41.4807802284219,41.4807802284219,40.730112871675296,40.807769775390625,6896104
2024-12-09,40.807767054859816,40.930717639404044,40.477732641842024,40.671871185302734,8691000
2024-12-10,40.898364304212095,42.83974245037115,40.510090896711255,42.16026306152344,10949551
2024-12-11,42.52265479134627,42.542069017833484,41.61667730399672,42.315574645996094,7426366
2024-12-12,42.06319129894013,42.542066888254574,41.5778467697105,41.694332122802734,3409296
2024-12-13,41.79787247578401,41.84316986703934,40.91130925324599,41.35135269165039,3540330
2024-12-16,41.416061893456686,41.610200435730725,40.45184552743808,40.55538558959961,7270573
2024-12-17,40.6395154521941,40.762469751048926,40.12181509011329,40.35478210449219,8473390
2024-12-18,40.477736284278436,40.607159522975394,40.18653029432522,40.296539306640625,4154281
2024-12-19,39.604114370377616,40.28359747805434,39.53940275142318,40.1218147277832,2957577
2024-12-20,40.082985297994014,40.43243395644414,38.49752845495503,38.788734436035156,8629408
2024-12-23,38.704611232672555,38.98287564983303,37.94100224631451,38.17396926879883,9242643
2024-12-24,38.245152839844884,38.31633340079129,37.733921409477965,37.966888427734375,5569953
2024-12-26,38.18043486596657,38.439285033346636,37.53330759607395,37.63037872314453,4382046
2024-12-27,37.75981061768345,37.99277394748068,37.41683086083333,37.811580657958984,3026143
2024-12-30,37.82451532936934,37.96688383982865,37.30681502123065,37.50094985961914,6093342
2024-12-31,37.856873204614814,37.856873204614814,37.20974593263413,37.688621520996094,7038712
2025-01-01,37.792160437907214,38.34221656576067,37.475067602913796,38.141605377197266,5702311
2025-01-02,38.30986132723729,39.021700204448834,37.85687261420405,38.80814743041992,7221471
2025-01-03,38.82756465421024,38.982874764711674,38.12866730551122,38.484588623046875,20678548
2025-01-06,38.48458692255521,38.60754121746326,37.10620651273602,37.578609466552734,15903508
2025-01-07,37.57860921598461,37.71450509290186,36.8861845456844,37.40388488769531,51705133
2025-01-08,37.40388744399131,37.45565748173052,36.88618706659917,37.10620880126953,8829727
2025-01-09,37.145037255295236,37.785691935178654,36.78911963442008,37.10620880126953,7312557
2025-01-10,37.138560991562265,37.15797521668254,36.20022776043001,36.329654693603516,16190649
2025-01-13,36.2390557587001,36.32965424050313,35.074228186205445,35.72135543823242,15598468
2025-01-14,35.786070544955734,36.23905929529361,35.33308549750299,35.805484771728516,19701967
2025-01-15,35.89608652499897,36.491443857193026,35.527223588560126,36.031982421875,21452193
2025-01-16,36.29730239404412,36.918542846394196,36.135519637662675,36.73087692260742,3661695
2025-01-17,36.73734134398294,36.989722561008165,36.30377057163803,36.58203125,3318237
2025-01-20,36.72440052967088,36.886183269533944,36.17434439817518,36.472023010253906,13400422
2025-01-21,36.59497964537621,37.13856316907588,36.10963509756721,36.316715240478516,2680195
2025-01-22,36.31671238268467,36.43319402818498,35.14541217648881,35.4883918762207,6012889
2025-01-23,35.40426292536081,36.47202308606069,35.26836705286269,36.27141189575195,4529733
2025-01-24,36.368485531831354,36.4655529609214,35.488394918272355,35.59840393066406,2773407
2025-01-27,35.5919310422236,35.5919310422236,34.29768014885266,35.42367935180664,7436635
2025-01-28,35.423676431338905,35.423676431338905,34.25884887189552,34.85420608520508,4593427
2025-01-29,34.85420601388109,35.52721642157112,34.62123902131525,35.05481719970703,3919128
2025-01-30,35.0548242692408,35.559579399639134,34.80244300115615,35.33955764770508,9377889
2025-01-31,35.33955426691662,36.4461392674172,35.28778423006797,36.323184967041016,3656416
2025-02-01,36.323184225542,37.20974747705885,35.76665541505865,36.692047119140625,3662361
2025-02-03,36.69204395515302,36.83441246702523,35.481919010008696,36.58203125,4588015
2025-02-04,36.582036318719524,37.0156108540242,36.36848722420708,36.87971496582031,6294151
2025-02-05,36.950894559852074,37.028551459227565,36.368482626075,36.556148529052734,7965715
2025-02-06,36.62086066463788,36.80852657028737,36.14198878795403,36.329654693603516,7862776
2025-02-07,35.598400185193796,36.400837511629675,35.43661745084722,35.91549301147461,21655558
2025-02-10,35.91549305437981,36.00609153383751,34.556526971168324,35.0806999206543,8007895
2025-02-11,35.08070027144476,35.10011449601445,33.19756492280151,33.5275993347168,22788640
2025-02-12,33.527602842064994,33.527602842064994,32.103924983023305,32.718692779541016,19061002
2025-02-13,32.80928910877219,33.495241123358085,32.71869062489721,33.24933624267578,23542494
2025-02-14,33.63760993654473,33.63760993654473,31.74800185554835,32.27217483520508,23639545
2025-02-17,32.26570548629118,32.453371393164915,30.900266699375194,31.85154151916504,12714295
2025-02-18,31.851544156483044,31.87743102658399,30.77084601607807,31.23677635192871,8972775
2025-02-19,31.236776863328814,32.35630347577122,30.89379897190835,32.09098434448242,7826226
2025-02-20,32.090978872482616,32.55043649426434,31.62504860845208,32.194515228271484,10143312
2025-02-21,32.194520694449594,32.77693640053722,31.676820313184066,31.77389144897461,8447092
2025-02-24,31.709175781709824,31.709175781709824,30.952039445146326,31.03616714477539,7007911
2025-02-25,30.80967084661971,31.09440603548794,30.414922946197812,30.848499298095703,11135247
2025-02-27,31.055579679747414,31.055579679747414,30.104302976969702,30.576705932617188,12169410
2025-02-28,30.091360927799343,30.69965790093005,29.81956732386768,30.4149227142334,11775295
2025-03-03,30.861442655661072,31.43738385794914,30.02664941534674,31.23677635192871,10876503
2025-03-04,31.1591175700422,31.57975048651821,30.23372774581442,31.424440383911133,8344897
2025-03-05,31.359729128293313,32.55043992867024,31.359729128293313,32.421016693115234,6865675
2025-03-06,32.84164421283861,33.19756549797499,32.628095144641556,33.04225540161133,5147974
2025-03-07,33.3011110156542,34.427110324407195,32.841649591033324,34.00647735595703,8213194
2025-03-10,34.23297062515,34.556532442575225,33.26875411343397,34.142372131347656,11205292
2025-03-11,33.3140485724083,34.038829053170396,33.229922729466175,33.51465606689453,6131565
2025-03-12,33.657026667173156,33.84469259039399,32.4210184094943,32.80929183959961,9949681
2025-03-13,32.84811738428147,33.12638177427362,32.56985299428933,32.874000549316406,5852940
2025-03-17,33.06167119196136,33.249337104426026,32.68633566414708,32.99695587158203,4091815
2025-03-18,32.99695587158203,32.99695587158203,32.99695587158203,32.99695587158203,0
2025-03-19,33.65055248247831,34.873622803353896,33.26875171313643,34.18119812011719,7897728
2025-03-20,34.342980542373304,35.02893257611618,33.97411765672111,34.265323638916016,7701501
2025-03-21,34.33003723579077,35.26190161657875,33.93529116148426,35.08717727661133,8621977
2025-03-24,35.5919325689435,37.183865864682204,35.559576758081946,36.21317672729492,8875309
2025-03-25,36.43966907698318,36.646749217273516,35.13894555720263,35.39132308959961,8000542
2025-03-26,35.65664361324127,35.71488258464684,34.49181604762824,34.65359878540039,10468728
2025-03-27,34.58888588716752,34.94480719457688,33.844691165993865,34.29767990112305,12771166
2025-03-28,34.74844594903711,35.12735232697081,33.78811143119468,34.04289627075195,9522034
2025-04-01,33.96450260860102,34.101692731389555,33.082560764745494,33.35041046142578,4694580
2025-04-02,33.71625312684202,33.71625312684202,32.85391037805006,33.37654495239258,3344550
2025-04-03,32.92577031091338,34.069027522455634,32.92577031091338,33.89263916015625,3598558
2025-04-04,33.866509199945774,33.99063074302553,32.82777815729429,33.59865951538086,4674153
2025-04-07,30.887513238631723,33.05643314211855,30.70459057147347,32.827781677246094,8314596
2025-04-08,32.86044288933498,33.70318646895404,32.749382440840094,33.61825942993164,5126076
2025-04-09,33.69012431341123,33.69012431341123,32.99110134675577,33.494136810302734,2204160
2025-04-11,34.16701982168944,34.76151283147398,33.65745385070978,34.572059631347656,5217547
2025-04-15,35.21881528118383,35.532393761225116,33.95143652555454,34.656986236572266,8166063
2025-04-16,34.813774680278875,35.23188304892066,34.330342135810625,34.637386322021484,4079734
2025-04-17,34.63738769234424,35.04242750369463,34.265015577424876,34.48059844970703,3393579
2025-04-21,34.23235153964809,35.40826898762118,34.23235153964809,35.33641052246094,3405844
2025-04-22,35.57159193791986,36.44699946090299,35.09468993196032,36.27714538574219,5612343
2025-04-23,36.6756514063027,37.04149297067588,35.48666538755226,36.767112731933594,5423319
2025-04-24,36.767111939463454,37.093755251790085,36.342473016733614,36.74751281738281,3337806
2025-04-25,36.786712954532625,36.85204087272957,35.71531790061049,36.31634521484375,13416795
2025-04-28,35.60425463146267,36.68218388715823,35.60425463146267,36.531925201416016,4903840
2025-04-29,36.77364087348096,36.9108309838717,36.061556913850374,36.23141098022461,3383308
2025-04-30,35.669589661871925,36.6495234027129,35.636921964113405,36.42740249633789,8270767
2025-05-02,36.42740104977688,37.17215275660566,36.153020809445444,36.773643493652344,4959943
2025-05-05,36.58418993294865,37.335472181164484,36.453534100989565,37.146018981933594,3890437
2025-05-06,37.10682073964069,37.531459669837695,36.53192685505032,36.66911697387695,4649758
2025-05-07,35.930902471319996,37.42693654031493,35.86557455004487,37.315879821777344,4796176
2025-05-08,37.492261278501104,37.740511844050964,36.58418979252954,36.76057815551758,5905399
2025-05-09,35.29068076208122,37.70131695316095,35.29068076208122,37.22441864013672,8459503
2025-05-12,38.99482621628526,38.99482621628526,37.12642014270564,37.62945556640625,10554771
2025-05-13,37.62945601306438,37.69478393031767,36.838975504588035,37.067626953125,12863976
2025-05-14,37.100289975591785,37.72091265013863,36.95003128392019,37.139488220214844,4183554
2025-05-15,37.32240864529943,37.45959876889407,36.95003278257791,37.17868423461914,9567639
2025-05-16,37.3028082159271,38.05409046399698,36.95003148866552,37.91036605834961,3815734
2025-05-19,38.093291713150414,38.269680090692475,37.3354751184568,37.505332946777344,4873554
2025-05-20,37.50533153357517,37.675185617344944,36.701786172005946,36.897769927978516,6745920
2025-05-21,36.76711409066347,37.05455917564689,36.38167338954324,36.897769927978516,12275128
2025-05-22,37.034961024806314,37.64252264635506,36.780179892462144,37.40080261230469,3145561
2025-05-23,37.10682129652425,38.25007853415433,37.10682129652425,37.92343521118164,7063318
2025-05-26,38.02142543909327,38.72697887381787,37.92996411641595,38.55059051513672,4872780
2025-05-27,38.85763593151314,39.03402429577509,38.184750170716015,38.772708892822266,3901680
2025-05-28,39.00135924672468,39.00789353342212,38.374202297180815,38.459129333496094,3589119
2025-05-29,38.81190619516106,38.988294555138985,38.125951877263574,38.36766815185547,4467735
2025-05-30,38.7139152214078,38.96216581245131,37.531463377425226,37.8123779296875,11595567
2025-06-02,37.81890911632931,38.16515156263987,37.45959809608217,38.021427154541016,2607399
2025-06-03,38.16515177437209,38.54405818132531,37.37467126359339,38.21741485595703,3558459
2025-06-04,38.13901621254069,38.511392049628824,37.596786304422984,38.3546028137207,4598169
2025-06-05,38.57672269302726,39.027495049040674,38.41340289707723,38.80537414550781,4620559
2025-06-06,38.8707005479033,39.641585654954525,38.544057230592045,39.53052520751953,5032513
2025-06-09,40.78483999737256,40.78483999737256,39.850635080978925,40.60192108154297,8493643
2025-06-10,41.05269040953488,41.05269040953488,40.340602642102255,40.81097412109375,4929700
2025-06-11,40.83056792097077,40.95469320392054,40.373268772074695,40.77177429199219,7908010
2025-06-12,40.510458237886276,41.05268815439388,39.798374247720965,40.18381118774414,4540359
2025-06-13,39.197345343967314,40.242606889633066,39.02095699086745,40.0466194152832,6436537
2025-06-16,39.850632591082075,40.275271502742925,39.5631875304095,40.15768051147461,5946109
2025-06-17,40.15768535628807,40.32100889697334,39.726515844185776,39.89636993408203,5451481
2025-06-18,39.8833036795371,40.059692050523864,39.27574581177742,39.47826385498047,5303215
2025-06-19,39.47172769694382,39.674249468698136,38.55712192601546,38.668182373046875,5836081
2025-06-20,38.544056595712696,39.308407403330534,37.89076623370051,39.13201904296875,5229016
2025-06-23,38.77059545801019,39.256873095139476,38.39603477333981,38.71802520751953,8525422
2025-06-24,38.961162424214436,39.17801611908213,38.678600615915386,38.875736236572266,4411104
2025-06-25,38.87573694778397,39.414584849109346,38.704884569373974,39.270015716552734,4647802
2025-06-26,39.578864974438474,39.74314842326551,39.335728027056774,39.50658416748047,2093131
2025-06-27,39.74972107379075,39.93371507697556,39.427726868066046,39.48686981201172,4295418
2025-06-30,39.795718160922235,39.795718160922235,39.099159505407194,39.24372863769531,3067630
2025-07-01,39.25030117810434,39.41458462417394,38.8888821088964,39.14516067504883,3427674
2025-07-02,39.09915919022518,39.18458913870387,38.78373768238701,39.06630325317383,3422376
2025-07-03,39.22401510826079,40.577700057432935,39.099160287887905,39.67743682861328,12442705
2025-07-04,39.88114506627955,40.08485338534728,39.48029735965271,39.63800811767578,7410540
2025-07-07,39.63800633306673,41.07054471391597,39.31601213988793,40.781410217285156,17863606
2025-07-08,41.07054388428336,43.03536117997264,40.985121459395224,42.45051574707031,37634521
2025-07-09,42.64108269265213,43.28507106995914,42.47680301282552,42.58194351196289,13636105
2025-07-10,42.785655293516996,43.34421377052835,42.21395519307648,42.371665954589844,14268204
2025-07-11,42.58194574404303,42.87108025176636,41.333401311309814,41.66853713989258,9035430
2025-07-14,41.957671606481114,42.33223606397018,41.530536896719255,41.64882278442383,7480426
2025-07-15,41.80653127690364,43.04193025834176,41.80653127690364,42.53594207763672,15220714
2025-07-16,42.8250839326664,43.16678870262119,42.28623977074938,42.38480758666992,6534666
2025-07-17,42.71337069260149,42.871081453997164,42.04967170840982,42.36509323120117,4817595
2025-07-18,43.07479063469682,44.139337262346686,42.48337249922832,42.89736557006836,16342618
2025-07-21,42.89736798278679,43.419784169063966,42.384807073933985,43.18321990966797,3306172
2025-07-22,43.183220158498244,43.2029344735817,42.177812649969134,42.22709655761719,4428048
2025-07-23,42.227096302249805,42.46366432169942,40.856983373265436,40.97526550292969,7354994
2025-07-24,41.20197229409993,41.99052605013554,40.75840963129212,40.80769729614258,5491203
2025-07-25,40.82740817408433,40.965408372592,39.77271681199038,39.91071701049805,5046157
2025-07-28,39.72343201610277,40.38384836229973,38.75745320893602,39.43758010864258,4509405
2025-07-29,39.329157133814455,39.83185897237332,38.136465596623424,38.42231750488281,10984590
2025-07-30,38.62931193924818,38.69831015669578,36.96349192353759,37.22962951660156,6995863
2025-07-31,36.5692138671875,37.16063200527464,36.13551024068699,36.5692138671875,4625910
2025-08-01,36.85506653939013,38.04775435695632,36.529789752836166,36.98320770263672,7643620
2025-08-04,37.328200053128974,37.82104664813773,36.82549818067334,37.692909240722656,4742827
2025-08-05,37.91961815333049,39.20101854596754,37.55490896640893,38.787025451660156,8399126
2025-08-06,38.78702439816986,39.41787117998586,37.564766983666075,38.17589569091797,5735903
2025-08-07,37.94918784215683,38.18575586237941,37.26906089421372,37.73233413696289,4276994
2025-08-08,37.90975870528461,38.8560232532821,37.36762820966862,38.53074645996094,3038655
2025-08-11,38.60960047507129,38.7081720502145,37.604196729458394,37.73233413696289,2762424
2025-08-12,37.73233344384434,37.92947283038832,37.259201172211434,37.31834411621094,2662088
2025-08-13,37.545052737212245,37.63376527230631,37.06206143278432,37.1212043762207,3138737
2025-08-14,37.29862777599963,37.40705462071662,36.58892752703082,37.24934387207031,6652014
2025-08-18,37.66333416102004,39.27001503990525,37.485909094143345,38.895450592041016,7364184
2025-08-19,39.03344922980496,42.779086399231254,38.50117775930813,41.290687561035156,43359719
2025-08-20,41.61596791004219,42.52280384488701,41.063978367014165,42.26652526855469,12383384
2025-08-21,42.483373013077276,42.591799860564,41.55682281112689,42.11866760253906,4725006
2025-08-22,42.039814311657466,42.10881253128232,40.85698178075564,41.16254425048828,3949910
2025-08-25,41.16254282765924,41.645534108459024,41.05411974351149,41.428680419921875,13196114
2025-08-26,41.300546141231415,41.77367842094403,40.62041543404611,41.01469421386719,6291415
2025-08-28,40.91612036944733,41.172402690152715,40.235993460106236,40.82740783691406,2901358
2025-08-29,41.054120858358566,41.10340476342238,40.088138270527196,40.96540832519531,4748362
2025-09-01,41.19211799946074,41.527253823782566,41.014692930106776,41.379398345947266,3052525
2025-09-02,41.66525200211076,42.503089717798794,41.17240540226576,42.38480758666992,9333707
2025-09-03,42.384805438421914,42.73965557394433,41.734248110004465,42.25666427612305,5373986
2025-09-04,42.808652262877324,44.15905077688744,42.38480392283926,43.51835250854492,18369843
2025-09-05,43.79434710671632,44.829324165770274,43.232502310083575,44.52375793457031,19433639
2025-09-08,45.12503302047315,47.31327310480933,44.849040130600514,46.583858489990234,32144810
2025-09-09,47.16541762945579,49.8169347165838,45.76573510475121,48.791812896728516,26673717
2025-09-10,48.791809951797234,48.791809951797234,46.94856485089652,48.21025085449219,19719593
2025-09-11,47.806119706895615,48.979093249153166,47.15556235201075,48.791812896728516,13353550
2025-09-12,49.07766392476136,49.767649897023226,47.82583314540138,49.37337112426758,22518739
2025-09-15,49.61979413330981,49.62964941051784,47.66812211559005,48.12154006958008,9262971
2025-09-16,48.29896413380552,49.284657279393386,47.963828313900805,48.64395523071289,11695692
2025-09-17,48.959377352357535,49.08751851572973,47.75683425649564,47.904685974121094,6639585
2025-09-18,48.141253793074874,48.79181112432774,46.554287213472335,47.78640365600586,7377554
2025-09-19,48.298964505681816,48.298964505681816,47.17527491267919,47.76668930053711,6797063
2025-09-22,47.32312513123075,47.7075486072998,46.82042329348025,46.8992805480957,4752090
2025-09-23,47.19499034093159,47.825833372235834,46.74156862207574,47.32312774658203,9956959
2025-09-24,47.303415729384646,48.79181072534082,46.25857964101664,46.49514389038086,9392109
2025-09-25,46.42614487742824,47.08656122920043,45.81501619020868,46.041725158691406,3873266
2025-09-26,46.041725395109566,46.593714903893776,45.48973964644625,46.17972183227539,6343229
2025-09-29,46.57400180237058,46.79085550077378,45.056033433790205,45.77558898925781,26693107
2025-09-30,45.77558965405241,46.169868427762296,44.86875373868915,45.056034088134766,4134996
2025-10-01,45.05603242324551,45.34188433561646,44.711041329088104,45.184173583984375,2531716
2025-10-03,45.19402870761896,45.470025342129674,44.55333042633962,45.08560562133789,3044672
2025-10-06,45.341883605893074,45.44045141403145,44.563185137188945,44.789894104003906,3584571
2025-10-07,44.89832261125234,46.09101043043833,44.71104226480759,45.71644973754883,4824774
2025-10-08,45.71644862572656,46.08115403261608,44.898321519326885,45.08560562133789,2788840
2025-10-09,45.085608280614416,45.22360472594874,44.306909756089425,44.41533660888672,2828677
2025-10-10,44.36604787981218,45.21374460672522,43.73520485330602,43.823917388916016,3753770
2025-10-13,43.3705004316943,44.52375966104258,43.32121652413706,44.39562225341797,3562805
2025-10-14,44.39562246470914,44.868754747728495,43.370500638106634,43.41978454589844,2044134
2025-10-15,43.75491690647672,46.82042310508139,43.44935444637353,45.74601745605469,6845180
2025-10-16,45.83473161591687,45.93329942717153,45.095461751144015,45.59816360473633,3497055
2025-10-17,45.637593526445194,46.00229895056666,45.06589343675109,45.23345947265625,2143216
2025-10-20,45.34188351105552,45.97272650611174,45.065890640748634,45.78544616699219,2352682
2025-10-21,46.219151911300095,46.52471814613379,45.588308887236614,45.89387512207031,702915
2025-10-23,46.13043933297945,47.51041126692113,45.82487685855197,46.98799133300781,6585615
2025-10-24,47.914544312711406,47.914544312711406,45.933298988378894,46.416290283203125,4623333
2025-10-27,46.41629081040268,46.52471765905112,45.5488797813361,45.63759231567383,2196628
2025-10-28,45.824877213629996,46.761282718788,45.74601995502412,46.0713005065918,2536011
2025-10-29,46.2191502724505,47.313270248567974,45.637591175240345,47.13584518432617,3537519
2025-10-30,46.93870700148786,47.06684816450784,46.229010486570225,46.731712341308594,2741101
2025-10-31,46.32757794272669,47.30341581342033,46.32757794272669,46.53457260131836,3535008
2025-11-03,46.317723454074454,47.06684860463742,45.864301740714765,46.96828079223633,3609778
2025-11-04,47.066847452786526,47.14570470887437,45.933298837309785,46.31772232055664,2242212
2025-11-06,47.30341685171516,48.11168494977514,46.071300390023616,47.10627746582031,11938833
2025-11-07,46.66271493303396,46.721857877023076,45.09546263847237,46.11072540283203,5792040
2025-11-10,46.11072576065053,46.11072576065053,44.99689517445342,45.2137451171875,2481446
2025-11-11,45.046178116224425,46.04172655231478,44.474474279172995,45.75587463378906,3221030
2025-11-12,45.72630683467846,46.002299726765486,45.35174236675954,45.6868782043457,2365668
2025-11-13,45.341885102830204,46.82042483444423,45.341885102830204,46.711997985839844,4399025
2025-11-14,46.71199707170162,47.75683314857199,46.682427480886716,47.273841857910156,5709408
2025-11-17,47.313270406782486,48.38767607267468,47.04713280952983,48.30881881713867,6674298
2025-11-18,48.36796264210726,48.69324318695234,47.60897846425639,47.72726058959961,7899171
2025-11-19,47.75683433836357,48.24968091820195,47.1259913177898,47.944114685058594,9989905
2025-11-20,48.00325643481495,48.732667249173225,47.865259997510464,48.34824752807617,5934183
2025-11-21,48.2891091452521,48.348248327863224,47.13584620276252,47.72726058959961,13603541
2025-11-24,47.89483088774278,48.6341007591773,46.426146422039615,46.90913772583008,5842053
2025-11-25,46.899281057813305,47.12599002711539,46.0318700482203,46.120582580566406,2301649
2025-11-26,46.1600116850734,46.26843477228661,45.24331676140231,45.32217025756836,3878284
2025-11-27,45.7755906355087,45.78544967312941,44.799756477841896,45.60802459716797,4208556
2025-11-28,45.834730579694465,45.88401448420759,44.849037448948344,45.00674819946289,2943752
2025-12-01,45.243317931225505,46.130439526666166,44.799755253444665,45.9924430847168,3139423
2025-12-02,45.75587273278153,45.962871145253736,45.40102636880243,45.74601745605469,2505266
2025-12-03,45.82487614479346,46.69228340850012,45.08560628315106,45.479881286621094,3810018
2025-12-04,45.479880253174386,45.53902319440541,44.799753349561556,44.888465881347656,1888602
2025-12-05,44.888465951853604,45.18417313823143,43.833774605696114,44.94760513305664,6829483
2025-12-08,44.94760759608235,45.00675054064716,43.271932194744515,44.159053802490234,3578192
2025-12-09,44.15905181868112,44.47447332194792,43.23250162285003,44.10976791381836,4165860
2025-12-10,44.10976746801023,44.54347109058849,43.57749227658177,43.873199462890625,4860637
2025-12-11,44.13933906891588,45.22360381492531,43.53806563196792,44.99689483642578,2406946
2025-12-12,44.99689525529843,46.07130097391494,44.60261647851177,45.253173828125,8397399
2025-12-15,45.25317394981788,45.82487780168383,44.98703633878936,45.31231689453125,2394942
2025-12-16,45.53902503943395,45.933300049919,44.622330093877714,44.85889434814453,5585698
2025-12-17,44.858893770630765,45.78544774159026,44.346336639610975,44.50404739379883,4076466
2025-12-18,44.582902376130235,44.78004176546308,43.96191461577417,44.257625579833984,2153740
2025-12-19,44.16891205466562,48.89037945490481,44.16891205466562,46.96828079223633,49911481
2025-12-22,47.31326954700863,47.470980295093824,45.54887796772243,45.66716384887695,5804351
2025-12-23,45.65730709705904,45.874160796574344,44.65189961765311,44.79975509643555,7671767
2025-12-24,44.85889204034408,45.292599417722556,44.45475801331831,44.63218307495117,4284783
2025-12-26,44.63218475517627,44.74061160360273,44.356191875633264,44.48433303833008,3087500
2025-12-29,44.504048317765886,46.90913830909397,43.656351586361424,46.15015411376953,13526237
2025-12-30,45.82487694776378,49.077663643963376,45.02646412955618,48.12154006958008,43942837
2025-12-31,47.78640373828536,48.24968072471436,46.731712362470354,47.82583236694336,6949383
2026-01-01,47.82583302062065,48.46653132452565,47.16541664199617,48.22010803222656,4813143
2026-01-02,47.806118407288466,49.28465815184378,47.530125524876865,49.136802673339844,9549993
2026-01-05,49.76764944172725,51.650323232175914,48.50595963652429,51.305328369140625,26508146
2026-01-06,52.044598636535596,52.823297143452564,49.994358797703754,50.428062438964844,15572691
2026-01-07,50.46748948693652,50.674484143771785,49.23537306274432,49.52122497558594,5986119
2026-01-08,49.511367001734996,50.004213581995295,47.687836158820296,47.963829040527344,6418779
2026-01-09,47.74697391437604,49.11709052503587,46.918991533889944,47.15555953979492,6021220
2026-01-12,47.135847162853004,47.135847162853004,45.51931096312551,46.09101104736328,6645190
2026-01-13,46.26843433183052,46.59371487073641,44.711041136197586,45.06589126586914,5688351
2026-01-14,44.947607855713365,46.071301248209146,44.65190065142337,45.410884857177734,6083840
2026-01-15,45.410884857177734,45.410884857177734,45.410884857177734,45.410884857177734,0
2026-01-16,45.39116928338056,45.77558901430861,44.47447434341939,44.7011833190918,6146149
2026-01-19,44.356193272435995,44.64204519817631,43.98162880974596,44.198482513427734,2522756
2026-01-20,44.48433404321562,44.48433404321562,41.891959939978356,42.887508392333984,5683863
2026-01-21,42.680511693242984,44.15905138534231,42.14823650165821,43.85348892211914,7062416
2026-01-22,44.3561936424723,44.474475772684976,43.10436283734799,43.3015022277832,6094958
2026-01-23,43.37050074514405,43.55778109926356,42.15809856189206,42.36509323120117,5216009
2026-01-27,42.41437394934921,42.483372167263255,41.39911123422476,41.64553451538086,6593459
2026-01-28,41.852529141834516,43.05507595633088,41.05412011788668,42.700225830078125,8999861
2026-01-29,44.23790832175506,44.23790832175506,41.15268780029993,41.546966552734375,8001598
2026-01-30,41.56667696024424,42.92693451523223,40.6499858202776,42.54251480102539,5943541
2026-02-02,41.68496346852114,43.66620501004442,40.26556295149346,42.89736557006836,6598221
2026-02-03,45.834733201643935,45.834733201643935,43.10436262207341,44.29705047607422,9588426
2026-02-04,44.28719215468187,44.94760473981039,43.094504382657604,44.71104049682617,7351933
2026-02-05,44.71104100488685,44.71104100488685,43.37049774567395,43.932342529296875,6073123
2026-02-06,43.715489814383126,43.715489814383126,42.06938405437579,42.3158073425293,7505638
2026-02-09,42.532661737618774,43.12407613484827,41.99052748668385,42.72979736328125,9844163
2026-02-10,42.77908609959037,42.93679686013683,42.01024285182038,42.22709655761719,8558483
2026-02-11,42.23694894113456,43.094504667962056,42.13838113259205,42.739654541015625,8352621
2026-02-12,42.81850978951284,42.857938418593044,41.97081682501463,42.650943756103516,8746618
2026-02-13,42.286237516751086,42.65094292836244,41.39911218026838,42.17781066894531,5057227
2026-02-16,42.18766566894962,42.601658743296824,41.576536974563766,42.02009963989258,3244553
2026-02-17,42.02010200981605,42.51294860795096,42.02010200981605,42.28623962402344,2984790
2026-02-18,42.335523718904554,42.53266311105396,41.813103765690464,42.40452194213867,3941369
2026-02-19,42.58194482039225,42.8677967362432,41.54696776519917,42.25666427612305,3578836
2026-02-20,42.08909836864259,42.7199413846962,41.872244671828796,42.3158073425293,3909956
2026-02-23,42.76922418449341,44.01119963034322,42.512945625893146,43.83377456665039,9424677
2026-02-24,43.82391786840044,43.82391786840044,42.631230023355286,42.986080169677734,3164042
2026-02-25,42.98608008828386,43.32121591916259,42.49323349935169,42.946651458740234,2513061
2026-02-26,43.074791479296096,43.143789699102186,42.09895360470559,42.29609298706055,2762412
2026-02-27,42.21723811060281,43.05507575808104,41.339968075797,42.58194351196289,6476582
2026-03-02,39.674148266132065,41.99052560495105,39.674148266132065,41.64553451538086,7108750
2026-03-04,40.46270247105451,41.62582067206475,40.41341856629054,40.84712219238281,4259203
2026-03-05,40.847122440897024,41.261115515699174,39.96985614634984,40.96540832519531,4331323
2026-03-06,40.80769896592987,41.25125788676652,40.56127567207793,40.67955780029297,2045837
2026-03-09,39.9205735224442,39.9205735224442,38.85602309032091,39.5460090637207,3807223
2026-03-10,39.910719339057636,40.31485340082092,39.477011924399655,40.157142639160156,3420337
2026-03-11,40.117713033089736,40.70912743490469,39.47701096435599,39.60515213012695,2916322
2026-03-12,39.62486625443058,39.75300741958569,38.708171303938364,39.48686981201172,2843268
2026-03-13,39.08273406488926,39.32915734711398,38.24489264925267,38.52088928222656,5752253
2026-03-16,38.33360719373124,38.85602337623525,37.407056957566915,38.58988952636719,8956607
2026-03-17,38.934877937572956,38.934877937572956,37.65347764355042,38.166038513183594,12815004
2026-03-18,38.49131732566738,38.964449593461616,38.14632622210524,38.23503875732422,10722722
2026-03-19,37.94918806928113,38.10689883033303,36.61850375791323,36.736785888671875,17216606
2026-03-20,37.28877296686042,37.51548193587485,36.234077856918944,36.450931549072266,11985935
2026-03-23,36.36221901015522,36.36221901015522,35.189245537612464,35.37652587890625,17364254
2026-03-24,35.57366797639647,37.1310612875526,35.57366797639647,36.973350524902344,5656170
2026-03-25,37.347913897936635,37.98861596743007,36.77621381018712,37.43662643432617,10993170
2026-03-27,37.32819947502356,38.14632661492581,36.13551163600272,37.35777282714844,11336793
2026-03-30,36.47064575068587,36.904349373536995,36.03694212783474,36.37207794189453,8487273
2026-04-01,37.05220708354708,37.781621697046,36.59878911954238,37.653480529785156,6926175
2026-04-02,37.564767965798346,37.564767965798346,36.13551209233462,36.53964614868164,14630994
2026-04-06,36.53964367459902,37.06205982520353,36.0763667047447,36.23407745361328,19688354
2026-04-07,36.234079786296405,36.66778719369692,35.839804768802686,36.48050308227539,9346166
2026-04-08,37.939329577792314,38.68845468929752,37.288772273549085,38.20546340942383,10261672
2026-04-09,38.48146362617422,38.520892256803855,37.229632804591944,38.028045654296875,12630293
2026-04-10,38.42232003882031,39.23058815262911,38.28432359404141,38.76731491088867,6827177
2026-04-13,37.9984702651862,38.58988841257723,37.48590937482903,37.978755950927734,6402157
2026-04-15,38.520889157005506,38.639171279255024,38.195608620668246,38.46174621582031,8526969
2026-04-16,38.8165990062803,39.23058834262194,38.52089180030468,38.885597229003906,7326157
2026-04-17,38.944734621299965,39.5755813944936,38.787023868031795,38.954593658447266,11364157
2026-04-20,39.15173436559369,39.17144868043478,38.06746961006005,38.62931442260742,8244075
2026-04-21,38.58002814638286,40.12756604522478,38.451886987845384,39.43758010864258,11677940
2026-04-22,39.42772705578364,41.03440798614072,39.23058766848051,40.69927215576172,18671571
2026-04-23,40.76826910515789,40.87669595279729,39.66429383487853,39.98957061767578,13923445
2026-04-24,39.88114454881712,40.28527859601512,38.461747745026315,39.329158782958984,10512603
2026-04-27,39.516437380812,40.856980627314194,39.516437380812,40.511985778808594,12458715
2026-04-28,41.12311883735655,41.74410280575248,37.98861436405179,38.6786003112793,27273202
2026-04-29,38.392748905600776,39.575581436425786,37.36762712821103,38.974308013916016,32698595
2026-04-30,39.141875745093856,40.314853049847684,38.65888818676555,39.96000289916992,14696763
2026-05-01,39.96000289916992,39.96000289916992,39.96000289916992,39.96000289916992,0
2026-05-04,40.4035652632175,41.00483494690525,39.98957217070932,40.8766975402832,8898699
2026-05-05,40.876697728617316,41.79339269469351,40.47256367175413,40.99497985839844,11850812
2026-05-06,41.339969635009766,41.7243931245933,40.87669640828052,41.339969635009766,21395354
2026-05-07,41.48782479511163,42.818509042318986,41.37939794709366,42.21723937988281,13788634
2026-05-08,42.28623892003533,42.58194612196907,41.625822534266284,41.89196014404297,7012661
2026-05-11,41.68496588349035,41.68496588349035,40.7091279714998,41.01469421386719,5685992
2026-05-12,40.70912674522476,41.05412160720625,39.09259056487104,39.230587005615234,5635555
2026-05-13,39.5755803040557,39.90085707865593,38.93487827148918,39.43758010864258,6167442
2026-05-14,39.52629464030643,39.83186087686148,38.84616770617931,39.46715545654297,3227888
2026-05-15,39.25029989406643,40.19656439060982,39.25029989406643,39.49672317504883,3645302
2026-05-18,39.29958616930118,39.29958616930118,38.24489476387348,38.66874313354492,5315174
2026-05-19,38.83631320016805,39.25030253521779,38.678602440131804,38.826454162597656,4625083
2026-05-20,38.44203312217403,39.289729838795175,38.07732770692574,39.1517333984375,5687175
2026-05-21,39.329158782958984,39.871289271621514,38.93488001295658,39.329158782958984,3744828
2026-05-22,39.68400472030413,39.723433348887916,39.013736834984655,39.09259033203125,2756164
2026-05-25,39.42772555367925,40.137425816884175,38.68845569954777,38.75745391845703,6636708
2026-05-26,38.77716998533823,39.437582613357726,38.52089141210766,38.66874313354492,4806920
2026-05-27,38.82645281098281,39.33901370328778,38.55045993055743,39.13201904296875,5736830
2026-05-28,39.13201904296875,39.13201904296875,39.13201904296875,39.13201904296875,0
2026-05-29,39.23058751989155,39.36858396244475,38.225180032562605,38.4124641418457,9818726
2026-06-01,38.451886673303186,38.81659583230178,36.96349172752789,37.11134719848633,10915672
2026-06-02,36.96349454623128,37.82104656686994,36.64807302691313,37.653480529785156,5477804
2026-06-03,37.74219302648805,38.12661276773582,37.209917803166014,37.633766174316406,6828863
2026-06-04,37.55490910205516,38.2941789958761,37.338059156750056,37.75204849243164,5337219
2026-06-05,37.752049000010565,38.146327786064624,37.663336461154465,38.028045654296875,7754395
2026-06-08,38.028045688840876,38.028045688840876,36.76635582839451,36.93392562866211,6234072
2026-06-09,37.45634105952817,37.732333948306994,37.062062281168906,37.614051818847656,13389537
2026-06-10,37.65347911188403,37.71261829445351,36.736784180847394,36.845211029052734,5530609
2026-06-11,36.80578453571065,36.80578453571065,35.80037701237474,35.859519958496094,12335148
2026-06-12,36.135509812178206,37.00292081501404,35.91865612143903,36.31293487548828,27650685
2026-06-15,37.111347549278946,38.0773263576747,37.111347549278946,37.32819747924805,16522859
2026-06-16,37.49576678332621,37.75204533731242,36.726923601125975,37.05220413208008,9212911
2026-06-17,37.16063405953626,37.49576989494253,36.43121944360925,36.638214111328125,21459638
2026-06-18,37.02263482257459,37.26905810178739,36.78606682007713,37.20991516113281,8051573
2026-06-19,37.11134782641125,38.047753291255965,36.8846350977401,37.48590850830078,12257716
2026-06-22,37.94918612503463,38.037898658588894,37.50562345726328,37.84075927734375,10997565
2026-06-23,37.70276184677348,37.85061731884838,36.963492006640664,37.26905822753906,5408094
2026-06-24,37.308484997147936,37.92947274735974,36.97334916879311,37.27891540527344,8236086
2026-06-25,37.45633886495278,41.39911137705307,37.45633886495278,40.66969680786133,227891559
2026-06-26,40.66969680786133,40.66969680786133,40.66969680786133,40.66969680786133,0
2026-06-29,40.807698445208665,40.807698445208665,38.98416383790063,39.289730072021484,25588983
2026-06-30,39.47701084239283,39.9008592077618,38.90531075708744,39.5460090637207,19299749
2026-07-01,39.67414817074964,40.67955560666388,39.664292893980274,40.531700134277344,17517899
2026-07-02,40.69927246636843,41.58639407582121,40.344422318538875,40.8766975402832,19331858
2026-07-03,41.28082933908246,41.3103989297451,40.42327360865701,40.70912551879883,10495027
2026-07-06,40.78798233813768,40.78798233813768,40.22613756082692,40.45284652709961,10344629
2026-07-07,40.61055966009925,40.906266861289176,39.5361539463497,40.71898651123047,11600911
2026-07-08,40.4134192905543,41.33996950113322,39.99942997097255,40.166996002197266,12654082
2026-07-09,40.25570955887829,40.44298990914288,39.42772713856361,39.64458084106445,15316018
2026-07-10,39.91071828630551,40.21628076389507,39.34886971758056,39.56572341918945,7064359
2026-07-13,39.4770115807205,40.147283251973796,38.93488107723887,39.96000289916992,8580443
2026-07-14,40.20000076293945,40.20000076293945,38.75,39.61000061035156,17017512
2026-07-15,39.84000015258789,40.150001525878906,39.45000076293945,39.630001068115234,4622604
2026-07-16,39.7400016784668,39.810001373291016,39.349998474121094,39.70000076293945,7496320
2026-07-17,39.599998474121094,40.59000015258789,39.38999938964844,40.34000015258789,7665398
2026-07-20,40.5,40.5,39.5,39.68000030517578,4781924
2026-07-21,39.70000076293945,40.310001373291016,39.61000061035156,40.130001068115234,3704128
2026-07-22,39.7599983215332,40.400001525878906,39.63999938964844,40.189998626708984,6465613
2026-07-23,40.04999923706055,40.400001525878906,39.709999084472656,39.93000030517578,6428693
2026-07-24,39.75,40.20000076293945,39.369998931884766,40.11000061035156,3663165
2026-07-27,40.060001373291016,42.0,40.02000045776367,41.7400016784668,12207219
2026-07-28,41.70000076293945,41.720001220703125,40.709999084472656,41.52000045776367,6259867
2026-07-29,41.79999923706055,41.79999923706055,40.75,41.220001220703125,6595487
2026-07-30,41.220001220703125,41.34000015258789,40.54999923706055,41.04999923706055,6664583
2026-07-31,41.20000076293945,41.36000061035156,40.52000045776367,40.61000061035156,8770384
2026-08-03,41.25,42.220001220703125,40.75,41.47999954223633,7432396
2026-08-04,41.5,42.099998474121094,39.459999084472656,39.75,31346920
2026-08-05,39.880001068115234,42.220001220703125,39.880001068115234,40.970001220703125,29152671
2026-08-06,41.099998474121094,41.38999938964844,40.70000076293945,41.0099983215332,10590040
