Datetime,Open,High,Low,Close,Volume
2025-09-04 09:15:00,22.899999618530277,23.0,21.75,21.75,383753
2025-09-04 13:15:00,21.75,21.75,21.75,21.75,242393
2025-09-05 09:15:00,20.65999984741211,22.479999542236328,20.65999984741211,20.76000022888184,993477
2025-09-05 13:15:00,20.68000030517578,21.0,20.65999984741211,20.959999084472656,1225559
2025-09-08 09:15:00,21.0,21.989999771118164,20.950000762939453,21.989999771118164,1496635
2025-09-08 13:15:00,21.989999771118164,21.989999771118164,21.989999771118164,21.989999771118164,90832
2025-09-09 09:15:00,22.989999771118164,23.07999992370605,22.75,23.07999992370605,1118316
2025-09-09 13:15:00,23.07999992370605,23.07999992370605,23.07999992370605,23.07999992370605,252038
2025-09-10 09:15:00,23.690000534057617,24.200000762939453,22.25,22.559999465942383,782544
2025-09-10 13:15:00,22.61000061035156,22.61000061035156,22.399999618530277,22.520000457763672,634876
2025-09-11 09:15:00,22.5,22.59000015258789,21.399999618530277,21.649999618530277,726870
2025-09-11 13:15:00,21.700000762939453,22.0,21.399999618530277,21.93000030517578,508881
2025-09-12 09:15:00,21.899999618530277,22.0,21.549999237060547,21.690000534057617,509110
2025-09-12 13:15:00,21.690000534057617,21.93000030517578,21.51000022888184,21.82999992370605,389562
2025-09-15 09:15:00,22.01000022888184,22.920000076293945,21.46999931335449,22.920000076293945,1587133
2025-09-15 13:15:00,22.920000076293945,22.920000076293945,22.920000076293945,22.920000076293945,416758
2025-09-16 09:15:00,23.899999618530277,24.059999465942383,23.899999618530277,24.059999465942383,3063695
2025-09-16 13:15:00,24.059999465942383,24.059999465942383,23.93000030517578,24.059999465942383,2921233
2025-09-17 09:15:00,24.059999465942383,25.26000022888184,24.059999465942383,25.26000022888184,8734506
2025-09-17 13:15:00,25.26000022888184,25.26000022888184,25.26000022888184,25.26000022888184,213156
2025-09-18 09:15:00,28.0,30.309999465942383,27.899999618530277,30.309999465942383,8348522
2025-09-18 13:15:00,30.309999465942383,30.309999465942383,30.309999465942383,30.309999465942383,164283
2025-09-19 09:15:00,31.899999618530277,35.310001373291016,31.440000534057617,31.8700008392334,17898221
2025-09-19 13:15:00,31.8700008392334,32.0,28.649999618530277,28.690000534057617,10374438
2025-09-22 09:15:00,28.299999237060547,30.25,28.149999618530277,29.030000686645508,2341384
2025-09-22 13:15:00,29.030000686645508,29.299999237060547,28.8700008392334,29.280000686645508,1718400
2025-09-23 09:15:00,29.3799991607666,31.40999984741211,28.59000015258789,31.100000381469727,6029584
2025-09-23 13:15:00,29.84000015258789,31.40999984741211,29.84000015258789,30.479999542236328,5350674
2025-09-24 09:15:00,30.700000762939453,33.29999923706055,30.5,33.0,3904355
2025-09-24 13:15:00,32.95000076293945,33.95000076293945,32.56999969482422,33.0,4118162
2025-09-25 09:15:00,33.20000076293945,33.20000076293945,31.31999969482422,31.549999237060547,1916024
2025-09-25 13:15:00,31.549999237060547,32.720001220703125,31.170000076293945,31.40999984741211,1745258
2025-09-26 09:15:00,31.520000457763672,31.520000457763672,29.96999931335449,30.239999771118164,1273149
2025-09-26 13:15:00,30.239999771118164,30.34000015258789,29.68000030517578,29.920000076293945,1960659
2025-09-29 09:15:00,30.299999237060547,30.790000915527344,29.549999237060547,29.989999771118164,1650770
2025-09-29 13:15:00,29.989999771118164,30.030000686645508,29.799999237060547,29.90999984741211,1001138
2025-09-30 09:15:00,30.09000015258789,30.489999771118164,29.5,29.600000381469727,847588
2025-09-30 13:15:00,29.6299991607666,29.979999542236328,29.40999984741211,29.75,1095348
2025-10-01 09:15:00,29.75,31.07999992370605,29.51000022888184,29.950000762939453,3711338
2025-10-01 13:15:00,29.950000762939453,30.01000022888184,29.809999465942383,29.850000381469727,1199628
2025-10-03 09:15:00,30.049999237060547,30.13999938964844,29.040000915527344,29.3700008392334,1523414
2025-10-03 13:15:00,29.3700008392334,29.6299991607666,29.299999237060547,29.399999618530277,1415875
2025-10-06 09:15:00,29.51000022888184,29.799999237060547,28.6299991607666,28.81999969482422,1232072
2025-10-06 13:15:00,28.790000915527344,29.049999237060547,28.479999542236328,29.030000686645508,1080710
2025-10-07 09:15:00,28.84000015258789,29.690000534057617,28.6200008392334,29.049999237060547,2610774
2025-10-07 13:15:00,29.049999237060547,29.100000381469727,28.799999237060547,28.959999084472656,813197
2025-10-08 09:15:00,29.040000915527344,30.989999771118164,28.979999542236328,30.239999771118164,2379653
2025-10-08 13:15:00,30.290000915527344,30.520000457763672,29.81999969482422,29.81999969482422,1718044
2025-10-09 09:15:00,30.200000762939453,30.239999771118164,29.36000061035156,29.38999938964844,899979
2025-10-09 13:15:00,29.3700008392334,29.459999084472656,29.100000381469727,29.190000534057617,1419251
2025-10-10 09:15:00,29.07999992370605,29.239999771118164,28.729999542236328,28.739999771118164,1053760
2025-10-10 13:15:00,28.729999542236328,28.770000457763672,28.51000022888184,28.709999084472656,1220259
2025-10-13 09:15:00,28.5,28.850000381469727,28.149999618530277,28.200000762939453,551802
2025-10-13 13:15:00,28.229999542236328,28.280000686645508,28.040000915527344,28.149999618530277,794878
2025-10-14 09:15:00,28.15999984741211,28.850000381469727,27.81999969482422,28.420000076293945,1331450
2025-10-14 13:15:00,28.450000762939453,28.450000762939453,27.799999237060547,27.86000061035156,1249750
2025-10-15 09:15:00,28.06999969482422,28.200000762939453,27.56999969482422,27.65999984741211,816580
2025-10-15 13:15:00,27.65999984741211,28.190000534057617,27.6200008392334,27.940000534057617,946193
2025-10-16 09:15:00,28.040000915527344,28.59000015258789,27.82999992370605,27.920000076293945,441354
2025-10-16 13:15:00,27.950000762939453,28.170000076293945,27.790000915527344,28.1299991607666,594414
2025-10-17 09:15:00,27.84000015258789,28.200000762939453,27.3700008392334,27.3799991607666,658992
2025-10-17 13:15:00,27.3799991607666,27.43000030517578,26.82999992370605,27.0,1533252
2025-10-20 09:15:00,27.1299991607666,27.450000762939453,26.799999237060547,26.799999237060547,664083
2025-10-20 13:15:00,26.790000915527344,27.25,26.700000762939453,27.0,1337778
2025-10-21 13:15:00,27.200000762939453,27.899999618530277,27.13999938964844,27.809999465942383,646872
2025-10-23 09:15:00,27.950000762939453,27.950000762939453,27.149999618530277,27.32999992370605,501942
2025-10-23 13:15:00,27.32999992370605,27.350000381469727,27.170000076293945,27.21999931335449,530494
2025-10-24 09:15:00,27.200000762939453,27.34000015258789,26.8799991607666,26.940000534057617,592222
2025-10-24 13:15:00,26.979999542236328,27.030000686645508,26.86000061035156,26.96999931335449,578227
2025-10-27 09:15:00,27.040000915527344,27.200000762939453,26.549999237060547,26.700000762939453,1056936
2025-10-27 13:15:00,26.700000762939453,26.780000686645508,26.61000061035156,26.729999542236328,521710
2025-10-28 09:15:00,26.690000534057617,27.25,26.239999771118164,26.239999771118164,1238958
2025-10-28 13:15:00,26.239999771118164,26.399999618530277,26.209999084472656,26.299999237060547,808565
2025-10-29 09:15:00,26.38999938964844,26.5,26.18000030517578,26.229999542236328,1205041
2025-10-29 13:15:00,26.25,26.3799991607666,26.18000030517578,26.270000457763672,1190620
2025-10-30 09:15:00,26.38999938964844,26.700000762939453,26.100000381469727,26.21999931335449,410442
2025-10-30 13:15:00,26.21999931335449,26.36000061035156,26.1200008392334,26.31999969482422,488668
2025-10-31 09:15:00,26.290000915527344,26.40999984741211,26.209999084472656,26.36000061035156,373460
2025-10-31 13:15:00,26.36000061035156,26.38999938964844,26.170000076293945,26.170000076293945,354576
2025-11-03 09:15:00,26.34000015258789,26.8799991607666,26.13999938964844,26.5,502762
2025-11-03 13:15:00,26.5,26.780000686645508,26.489999771118164,26.700000762939453,436981
2025-11-04 09:15:00,26.780000686645508,26.8799991607666,26.479999542236328,26.65999984741211,222179
2025-11-04 13:15:00,26.65999984741211,26.75,26.38999938964844,26.59000015258789,453892
2025-11-06 09:15:00,26.600000381469727,26.600000381469727,26.049999237060547,26.280000686645508,313767
2025-11-06 13:15:00,26.280000686645508,26.34000015258789,26.049999237060547,26.059999465942383,359453
2025-11-07 09:15:00,26.200000762939453,26.690000534057617,25.950000762939453,26.459999084472656,513250
2025-11-07 13:15:00,26.459999084472656,26.56999969482422,26.209999084472656,26.270000457763672,441888
2025-11-10 09:15:00,25.31999969482422,25.31999969482422,23.57999992370605,23.780000686645508,4311139
2025-11-10 13:15:00,23.780000686645508,23.899999618530277,23.3799991607666,23.3799991607666,2001396
2025-11-11 09:15:00,23.540000915527344,23.670000076293945,23.239999771118164,23.420000076293945,444287
2025-11-11 13:15:00,23.399999618530277,23.440000534057617,23.239999771118164,23.309999465942383,488318
2025-11-12 09:15:00,23.399999618530277,23.989999771118164,23.31999969482422,23.65999984741211,418509
2025-11-12 13:15:00,23.65999984741211,23.75,23.5,23.690000534057617,391575
2025-11-13 09:15:00,23.799999237060547,23.979999542236328,23.540000915527344,23.63999938964844,433204
2025-11-13 13:15:00,23.6200008392334,24.1200008392334,23.46999931335449,23.5,1353417
2025-11-14 09:15:00,23.56999969482422,23.780000686645508,23.38999938964844,23.56999969482422,329111
2025-11-14 13:15:00,23.600000381469727,23.68000030517578,23.450000762939453,23.530000686645508,240025
2025-11-17 09:15:00,23.51000022888184,23.989999771118164,23.51000022888184,23.649999618530277,157071
2025-11-17 13:15:00,23.649999618530277,24.799999237060547,23.61000061035156,24.489999771118164,1271297
2025-11-18 09:15:00,24.540000915527344,24.540000915527344,23.65999984741211,23.88999938964844,203157
2025-11-18 13:15:00,23.850000381469727,24.690000534057617,23.799999237060547,24.489999771118164,574782
2025-11-19 09:15:00,24.489999771118164,24.489999771118164,23.84000015258789,24.030000686645508,239418
2025-11-19 13:15:00,24.06999969482422,24.100000381469727,23.8799991607666,23.93000030517578,273714
2025-11-20 09:15:00,23.950000762939453,24.540000915527344,23.950000762939453,23.989999771118164,254033
2025-11-20 13:15:00,23.989999771118164,24.229999542236328,23.920000076293945,24.0,281892
2025-11-21 09:15:00,23.93000030517578,24.13999938964844,23.780000686645508,24.020000457763672,202283
2025-11-21 13:15:00,23.959999084472656,23.959999084472656,23.690000534057617,23.790000915527344,282735
2025-11-24 09:15:00,23.75,23.780000686645508,23.26000022888184,23.26000022888184,287111
2025-11-24 13:15:00,23.309999465942383,23.399999618530277,23.100000381469727,23.100000381469727,506231
2025-11-25 09:15:00,23.5,23.5,22.940000534057617,23.1299991607666,247087
2025-11-25 13:15:00,23.09000015258789,23.290000915527344,23.049999237060547,23.149999618530277,273528
2025-11-26 09:15:00,23.11000061035156,23.46999931335449,22.950000762939453,23.0,426465
2025-11-26 13:15:00,22.989999771118164,23.309999465942383,22.989999771118164,23.239999771118164,1408635
2025-11-27 09:15:00,23.450000762939453,23.450000762939453,23.0,23.07999992370605,339427
2025-11-27 13:15:00,23.07999992370605,23.209999084472656,22.979999542236328,23.020000457763672,441942
2025-11-28 09:15:00,23.1299991607666,23.6200008392334,22.989999771118164,23.46999931335449,277378
2025-11-28 13:15:00,23.420000076293945,23.57999992370605,23.25,23.38999938964844,234440
2025-12-01 09:15:00,23.5,23.530000686645508,23.149999618530277,23.21999931335449,314143
2025-12-01 13:15:00,23.26000022888184,23.270000457763672,22.96999931335449,23.059999465942383,397227
2025-12-02 09:15:00,23.059999465942383,23.290000915527344,22.709999084472656,22.75,203651
2025-12-02 13:15:00,22.75,22.780000686645508,22.670000076293945,22.709999084472656,211464
2025-12-03 09:15:00,22.739999771118164,22.790000915527344,22.56999969482422,22.65999984741211,305860
2025-12-03 13:15:00,22.739999771118164,22.75,22.559999465942383,22.670000076293945,280207
2025-12-04 09:15:00,22.670000076293945,22.979999542236328,22.239999771118164,22.239999771118164,409764
2025-12-04 13:15:00,22.280000686645508,22.420000076293945,22.18000030517578,22.270000457763672,227978
2025-12-05 09:15:00,22.25,22.25,21.84000015258789,21.920000076293945,226686
2025-12-05 13:15:00,21.96999931335449,22.26000022888184,21.899999618530277,22.059999465942383,385436
2025-12-08 09:15:00,22.25,22.25,21.799999237060547,21.82999992370605,172628
2025-12-08 13:15:00,21.82999992370605,21.959999084472656,21.690000534057617,21.790000915527344,192770
2025-12-09 09:15:00,21.670000076293945,21.959999084472656,21.350000381469727,21.700000762939453,447113
2025-12-09 13:15:00,21.700000762939453,21.790000915527344,21.420000076293945,21.489999771118164,1169428
2025-12-10 09:15:00,21.61000061035156,24.5,21.61000061035156,23.190000534057617,6631064
2025-12-10 13:15:00,23.290000915527344,23.479999542236328,22.549999237060547,22.81999969482422,1798637
2025-12-11 09:15:00,23.40999984741211,23.670000076293945,22.09000015258789,22.299999237060547,435174
2025-12-11 13:15:00,22.280000686645508,22.36000061035156,22.01000022888184,22.149999618530277,603946
2025-12-12 09:15:00,22.299999237060547,22.59000015258789,22.059999465942383,22.209999084472656,218111
2025-12-12 13:15:00,22.209999084472656,22.82999992370605,22.170000076293945,22.770000457763672,375944
2025-12-15 09:15:00,22.530000686645508,22.899999618530277,22.18000030517578,22.770000457763672,285057
2025-12-15 13:15:00,22.82999992370605,23.040000915527344,22.489999771118164,22.899999618530277,296720
2025-12-16 09:15:00,22.950000762939453,23.3799991607666,22.25,22.88999938964844,107253
2025-12-16 13:15:00,22.850000381469727,22.88999938964844,22.57999992370605,22.780000686645508,219768
2025-12-17 09:15:00,22.899999618530277,23.1200008392334,22.25,22.299999237060547,193478
2025-12-17 13:15:00,22.25,22.350000381469727,22.190000534057617,22.26000022888184,215680
2025-12-18 09:15:00,22.190000534057617,22.6299991607666,22.100000381469727,22.5,233790
2025-12-18 13:15:00,22.5,22.520000457763672,22.280000686645508,22.38999938964844,147199
2025-12-19 09:15:00,22.51000022888184,22.6200008392334,22.3700008392334,22.57999992370605,104743
2025-12-19 13:15:00,22.57999992370605,22.75,22.520000457763672,22.68000030517578,221540
2025-12-22 09:15:00,22.770000457763672,24.239999771118164,22.770000457763672,23.559999465942383,1704275
2025-12-22 13:15:00,23.51000022888184,23.61000061035156,22.86000061035156,22.989999771118164,1252427
2025-12-23 09:15:00,23.07999992370605,23.68000030517578,23.0,23.200000762939453,377207
2025-12-23 13:15:00,23.200000762939453,23.26000022888184,22.809999465942383,22.8700008392334,518434
2025-12-24 09:15:00,22.90999984741211,23.13999938964844,22.209999084472656,22.350000381469727,911437
2025-12-24 13:15:00,22.26000022888184,22.399999618530277,22.25,22.299999237060547,392827
2025-12-26 09:15:00,22.440000534057617,22.46999931335449,22.01000022888184,22.030000686645508,422489
2025-12-26 13:15:00,22.049999237060547,22.270000457763672,22.030000686645508,22.209999084472656,426032
2025-12-29 09:15:00,22.18000030517578,22.43000030517578,22.07999992370605,22.15999984741211,551425
2025-12-29 13:15:00,22.170000076293945,22.299999237060547,22.100000381469727,22.229999542236328,920209
2025-12-30 09:15:00,22.270000457763672,22.440000534057617,22.1299991607666,22.13999938964844,140125
2025-12-30 13:15:00,22.13999938964844,22.25,22.030000686645508,22.15999984741211,305735
2025-12-31 09:15:00,22.200000762939453,22.350000381469727,22.13999938964844,22.21999931335449,120505
2025-12-31 13:15:00,22.239999771118164,22.280000686645508,22.13999938964844,22.15999984741211,359152
2026-01-01 09:15:00,22.239999771118164,22.68000030517578,22.239999771118164,22.5,402771
2026-01-01 13:15:00,22.459999084472656,22.520000457763672,22.36000061035156,22.43000030517578,160759
2026-01-02 09:15:00,22.56999969482422,22.8700008392334,22.440000534057617,22.75,569666
2026-01-02 13:15:00,22.649999618530277,22.75,22.649999618530277,22.75,402753
2026-01-05 09:15:00,22.8700008392334,22.979999542236328,22.26000022888184,22.34000015258789,139704
2026-01-05 13:15:00,22.350000381469727,22.479999542236328,22.229999542236328,22.36000061035156,193706
2026-01-06 09:15:00,22.479999542236328,22.479999542236328,22.049999237060547,22.149999618530277,364562
2026-01-06 13:15:00,22.149999618530277,22.350000381469727,22.09000015258789,22.280000686645508,179619
2026-01-07 09:15:00,22.26000022888184,22.43000030517578,22.209999084472656,22.309999465942383,85741
2026-01-07 13:15:00,22.309999465942383,22.350000381469727,22.21999931335449,22.26000022888184,138559
2026-01-08 09:15:00,22.25,22.25,21.799999237060547,21.88999938964844,386947
2026-01-08 13:15:00,21.88999938964844,22.100000381469727,21.780000686645508,21.8700008392334,244454
2026-01-09 09:15:00,21.8799991607666,21.979999542236328,21.43000030517578,21.459999084472656,224155
2026-01-09 13:15:00,21.459999084472656,21.46999931335449,21.25,21.309999465942383,212744
2026-01-12 09:15:00,21.25,21.25,20.670000076293945,20.940000534057617,264028
2026-01-12 13:15:00,20.979999542236328,21.25,20.920000076293945,21.239999771118164,99172
2026-01-13 09:15:00,21.049999237060547,21.46999931335449,21.030000686645508,21.049999237060547,137099
2026-01-13 13:15:00,21.049999237060547,21.1299991607666,20.96999931335449,21.040000915527344,188668
2026-01-14 09:15:00,21.040000915527344,21.489999771118164,20.809999465942383,20.950000762939453,183934
2026-01-14 13:15:00,20.950000762939453,20.959999084472656,20.649999618530277,20.770000457763672,361196
2026-01-16 09:15:00,20.700000762939453,20.959999084472656,20.549999237060547,20.56999969482422,264967
2026-01-16 13:15:00,20.559999465942383,20.8700008392334,20.3700008392334,20.5,418216
2026-01-19 09:15:00,20.5,20.559999465942383,20.21999931335449,20.489999771118164,206111
2026-01-19 13:15:00,20.450000762939453,20.75,20.420000076293945,20.75,220773
2026-01-20 09:15:00,20.3700008392334,20.450000762939453,19.649999618530277,19.71999931335449,581130
2026-01-20 13:15:00,19.71999931335449,19.71999931335449,19.309999465942383,19.46999931335449,349248
2026-01-21 09:15:00,19.3799991607666,19.559999465942383,19.01000022888184,19.36000061035156,549053
2026-01-21 13:15:00,19.36000061035156,19.5,19.209999084472656,19.299999237060547,260580
2026-01-22 09:15:00,19.299999237060547,19.989999771118164,19.170000076293945,19.239999771118164,287781
2026-01-22 13:15:00,19.229999542236328,19.43000030517578,19.170000076293945,19.3700008392334,215999
2026-01-23 09:15:00,19.559999465942383,19.559999465942383,18.700000762939453,18.709999084472656,495749
2026-01-23 13:15:00,18.739999771118164,18.899999618530277,18.209999084472656,18.209999084472656,695676
2026-01-27 09:15:00,18.5,18.5,18.0,18.25,181615
2026-01-27 13:15:00,18.299999237060547,18.350000381469727,18.049999237060547,18.239999771118164,272912
2026-01-28 09:15:00,18.520000457763672,21.46999931335449,18.200000762939453,20.809999465942383,4944182
2026-01-28 13:15:00,20.75,21.31999969482422,20.299999237060547,20.51000022888184,3272232
2026-01-29 09:15:00,20.780000686645508,20.88999938964844,19.950000762939453,19.989999771118164,295766
2026-01-29 13:15:00,19.989999771118164,20.100000381469727,19.8700008392334,19.940000534057617,295386
2026-01-30 09:15:00,19.989999771118164,20.399999618530277,19.51000022888184,20.239999771118164,281275
2026-01-30 13:15:00,20.229999542236328,20.299999237060547,19.940000534057617,20.1200008392334,225866
2026-02-02 13:15:00,20.90999984741211,20.90999984741211,20.90999984741211,20.90999984741211,0
2026-02-03 09:15:00,22.899999618530277,22.899999618530277,20.950000762939453,21.100000381469727,1235753
2026-02-03 13:15:00,21.100000381469727,21.299999237060547,20.959999084472656,21.149999618530277,410635
2026-02-04 09:15:00,21.399999618530277,21.940000534057617,21.229999542236328,21.540000915527344,606870
2026-02-04 13:15:00,21.540000915527344,21.700000762939453,21.450000762939453,21.5,385906
2026-02-05 09:15:00,21.850000381469727,21.850000381469727,21.309999465942383,21.5,341533
2026-02-05 13:15:00,21.559999465942383,22.100000381469727,21.46999931335449,21.739999771118164,541047
2026-02-06 09:15:00,21.780000686645508,22.0,21.40999984741211,21.5,148599
2026-02-06 13:15:00,21.5,21.84000015258789,21.32999992370605,21.540000915527344,312422
2026-02-09 09:15:00,21.450000762939453,23.600000381469727,21.40999984741211,22.940000534057617,2047903
2026-02-09 13:15:00,22.90999984741211,22.989999771118164,21.600000381469727,22.530000686645508,774585
2026-02-10 09:15:00,22.600000381469727,24.11000061035156,22.600000381469727,23.270000457763672,1714993
2026-02-10 13:15:00,23.25,23.350000381469727,23.11000061035156,23.25,853667
2026-02-11 09:15:00,23.600000381469727,24.229999542236328,21.65999984741211,21.809999465942383,1496160
2026-02-11 13:15:00,21.850000381469727,22.13999938964844,21.6299991607666,21.790000915527344,1500426
2026-02-12 09:15:00,21.75,21.950000762939453,20.86000061035156,21.21999931335449,678055
2026-02-12 13:15:00,21.21999931335449,21.690000534057617,21.18000030517578,21.3799991607666,653004
2026-02-13 09:15:00,21.350000381469727,21.350000381469727,20.63999938964844,21.299999237060547,222920
2026-02-13 13:15:00,21.299999237060547,21.450000762939453,21.09000015258789,21.450000762939453,419124
2026-02-16 09:15:00,21.239999771118164,21.309999465942383,20.850000381469727,20.950000762939453,167679
2026-02-16 13:15:00,20.989999771118164,21.0,20.76000022888184,20.850000381469727,234375
2026-02-17 09:15:00,20.899999618530277,21.950000762939453,20.86000061035156,21.0,578825
2026-02-17 13:15:00,21.0,21.34000015258789,20.86000061035156,21.18000030517578,649518
2026-02-18 09:15:00,21.190000534057617,21.670000076293945,21.020000457763672,21.13999938964844,542320
2026-02-18 13:15:00,21.13999938964844,21.229999542236328,21.049999237060547,21.18000030517578,276089
2026-02-19 09:15:00,21.450000762939453,21.540000915527344,20.809999465942383,20.8799991607666,329743
2026-02-19 13:15:00,20.979999542236328,21.020000457763672,20.799999237060547,20.8700008392334,216771
2026-02-20 09:15:00,20.8700008392334,22.559999465942383,20.81999969482422,21.299999237060547,1541482
2026-02-20 13:15:00,21.209999084472656,21.209999084472656,20.88999938964844,20.950000762939453,676755
2026-02-23 09:15:00,21.280000686645508,21.46999931335449,20.86000061035156,20.8799991607666,351327
2026-02-23 13:15:00,20.8799991607666,20.940000534057617,20.75,20.8799991607666,347293
2026-02-24 09:15:00,21.3799991607666,21.3799991607666,20.43000030517578,20.5,395414
2026-02-24 13:15:00,20.5,21.0,20.5,20.739999771118164,280895
2026-02-25 09:15:00,21.0,21.229999542236328,20.670000076293945,20.700000762939453,312465
2026-02-25 13:15:00,20.75,20.850000381469727,20.549999237060547,20.68000030517578,387035
2026-02-26 09:15:00,20.96999931335449,21.0,20.700000762939453,20.81999969482422,154957
2026-02-26 13:15:00,20.81999969482422,21.15999984741211,20.799999237060547,21.0,431246
2026-02-27 09:15:00,21.1299991607666,21.149999618530277,20.57999992370605,20.670000076293945,260330
2026-02-27 13:15:00,20.649999618530277,20.770000457763672,20.600000381469727,20.6299991607666,277826
2026-03-02 09:15:00,20.200000762939453,20.270000457763672,19.690000534057617,19.76000022888184,485765
2026-03-02 13:15:00,19.75,20.200000762939453,19.65999984741211,19.989999771118164,341749
2026-03-04 09:15:00,19.56999969482422,19.8700008392334,19.290000915527344,19.5,395590
2026-03-04 13:15:00,19.51000022888184,19.739999771118164,19.25,19.43000030517578,406302
2026-03-05 09:15:00,19.3700008392334,19.899999618530277,19.290000915527344,19.440000534057617,561433
2026-03-05 13:15:00,19.38999938964844,19.6200008392334,19.309999465942383,19.600000381469727,625489
2026-03-06 09:15:00,19.600000381469727,19.76000022888184,19.270000457763672,19.399999618530277,644168
2026-03-06 13:15:00,19.3700008392334,19.57999992370605,19.3700008392334,19.40999984741211,739437
2026-03-09 09:15:00,19.229999542236328,19.229999542236328,18.420000076293945,18.57999992370605,482703
2026-03-09 13:15:00,18.65999984741211,18.700000762939453,18.530000686645508,18.600000381469727,465658
2026-03-10 09:15:00,18.75,19.229999542236328,18.600000381469727,18.729999542236328,398610
2026-03-10 13:15:00,18.739999771118164,19.290000915527344,18.700000762939453,18.780000686645508,2712364
2026-03-11 09:15:00,18.96999931335449,19.479999542236328,18.84000015258789,18.90999984741211,2509144
2026-03-11 13:15:00,18.86000061035156,18.959999084472656,18.809999465942383,18.88999938964844,1285475
2026-03-12 09:15:00,19.0,20.0,18.6299991607666,19.88999938964844,1157140
2026-03-12 13:15:00,19.88999938964844,20.0,19.450000762939453,19.549999237060547,853249
2026-03-13 09:15:00,19.5,19.56999969482422,19.0,19.0,220520
2026-03-13 13:15:00,19.020000457763672,19.049999237060547,18.46999931335449,18.549999237060547,1018221
2026-03-16 09:15:00,18.549999237060547,18.6200008392334,18.13999938964844,18.36000061035156,525367
2026-03-16 13:15:00,18.36000061035156,19.0,18.350000381469727,18.600000381469727,595909
2026-03-17 09:15:00,18.3700008392334,18.649999618530277,18.34000015258789,18.36000061035156,277504
2026-03-17 13:15:00,18.36000061035156,18.440000534057617,18.229999542236328,18.350000381469727,359880
2026-03-18 09:15:00,18.36000061035156,18.809999465942383,18.36000061035156,18.709999084472656,688309
2026-03-18 13:15:00,18.709999084472656,18.770000457763672,18.549999237060547,18.65999984741211,492728
2026-03-19 09:15:00,18.549999237060547,18.649999618530277,18.290000915527344,18.399999618530277,842505
2026-03-19 13:15:00,18.3799991607666,18.399999618530277,18.170000076293945,18.34000015258789,1786451
2026-03-20 09:15:00,18.350000381469727,19.350000381469727,18.350000381469727,18.71999931335449,310275
2026-03-20 13:15:00,18.729999542236328,18.809999465942383,18.520000457763672,18.649999618530277,298405
2026-03-23 09:15:00,18.549999237060547,18.549999237060547,18.020000457763672,18.040000915527344,4379061
2026-03-23 13:15:00,18.030000686645508,18.1299991607666,17.989999771118164,18.020000457763672,476429
2026-03-24 09:15:00,18.43000030517578,18.43000030517578,17.899999618530273,18.25,3247275
2026-03-24 13:15:00,18.25,18.790000915527344,18.0,18.049999237060547,592496
2026-03-25 09:15:00,18.209999084472656,18.75,18.1200008392334,18.3700008392334,990051
2026-03-25 13:15:00,18.3799991607666,18.3799991607666,18.049999237060547,18.11000061035156,956791
2026-03-27 09:15:00,18.11000061035156,18.1200008392334,17.309999465942383,17.329999923706055,757364
2026-03-27 13:15:00,17.329999923706055,17.399999618530273,16.530000686645508,16.649999618530273,1886736
2026-03-30 09:15:00,16.59000015258789,16.639999389648438,16.020000457763672,16.229999542236328,754839
2026-03-30 13:15:00,16.139999389648438,16.229999542236328,15.75,16.100000381469727,935801
2026-04-01 09:15:00,16.510000228881836,17.719999313354492,16.5,17.309999465942383,281680
2026-04-01 13:15:00,17.31999969482422,17.389999389648438,17.219999313354492,17.389999389648438,482364
2026-04-02 09:15:00,17.139999389648438,17.969999313354492,16.68000030517578,17.670000076293945,424838
2026-04-02 13:15:00,17.700000762939453,18.790000915527344,17.639999389648438,18.700000762939453,798559
2026-04-06 09:15:00,18.790000915527344,18.989999771118164,18.229999542236328,18.989999771118164,303093
2026-04-06 13:15:00,18.989999771118164,18.989999771118164,18.51000022888184,18.6200008392334,284900
2026-04-07 09:15:00,18.700000762939453,19.299999237060547,18.51000022888184,18.700000762939453,326055
2026-04-07 13:15:00,18.670000076293945,18.799999237060547,18.520000457763672,18.739999771118164,262950
2026-04-08 09:15:00,19.600000381469727,19.850000381469727,19.1200008392334,19.63999938964844,504438
2026-04-08 13:15:00,19.63999938964844,19.63999938964844,19.100000381469727,19.32999992370605,546316
2026-04-09 09:15:00,19.649999618530277,20.0,19.40999984741211,19.81999969482422,1021652
2026-04-09 13:15:00,19.82999992370605,19.899999618530277,19.6299991607666,19.81999969482422,535847
2026-04-10 09:15:00,20.0,21.940000534057617,19.8799991607666,21.520000457763672,1487332
2026-04-10 13:15:00,21.520000457763672,21.520000457763672,21.100000381469727,21.270000457763672,805769
2026-04-13 09:15:00,20.670000076293945,22.59000015258789,20.239999771118164,21.86000061035156,1817787
2026-04-13 13:15:00,21.86000061035156,22.270000457763672,21.700000762939453,21.799999237060547,1232122
2026-04-15 09:15:00,22.5,23.26000022888184,22.11000061035156,22.31999969482422,917094
2026-04-15 13:15:00,22.299999237060547,22.38999938964844,22.100000381469727,22.21999931335449,576966
2026-04-16 09:15:00,22.790000915527344,26.09000015258789,22.600000381469727,25.40999984741211,14373035
2026-04-16 13:15:00,25.399999618530277,25.520000457763672,24.65999984741211,25.100000381469727,4341888
2026-04-17 09:15:00,25.31999969482422,25.8700008392334,24.709999084472656,24.940000534057617,795681
2026-04-17 13:15:00,24.920000076293945,25.690000534057617,24.71999931335449,25.049999237060547,2228492
2026-04-20 09:15:00,26.700000762939453,29.86000061035156,26.540000915527344,29.450000762939453,6835583
2026-04-20 13:15:00,25.149999618530277,30.18000030517578,25.149999618530277,30.18000030517578,11409523
2026-04-21 09:15:00,30.170000076293945,33.189998626708984,29.93000030517578,30.899999618530277,6656120
2026-04-21 13:15:00,30.790000915527344,30.950000762939453,30.25,30.649999618530277,5500646
2026-04-22 09:15:00,30.93000030517578,31.950000762939453,30.649999618530277,31.15999984741211,3154936
2026-04-22 13:15:00,31.15999984741211,31.200000762939453,30.729999542236328,31.049999237060547,2356149
2026-04-23 09:15:00,31.46999931335449,31.899999618530277,30.549999237060547,31.3799991607666,2540195
2026-04-23 13:15:00,31.3799991607666,32.9900016784668,31.309999465942383,31.649999618530277,6488726
2026-04-24 09:15:00,31.770000457763672,31.950000762939453,28.76000022888184,29.700000762939453,2835318
2026-04-24 13:15:00,29.700000762939453,29.899999618530277,29.100000381469727,29.34000015258789,2095790
2026-04-27 09:15:00,29.700000762939453,31.25,29.299999237060547,30.459999084472656,1501184
2026-04-27 13:15:00,30.459999084472656,30.549999237060547,30.0,30.15999984741211,933958
2026-04-28 09:15:00,30.38999938964844,30.899999618530277,29.200000762939453,29.34000015258789,1083187
2026-04-28 13:15:00,29.350000381469727,29.350000381469727,28.200000762939453,28.790000915527344,1289306
2026-04-29 09:15:00,29.290000915527344,29.32999992370605,26.8700008392334,28.25,1654312
2026-04-29 13:15:00,28.26000022888184,28.76000022888184,27.81999969482422,28.459999084472656,1234328
2026-04-30 09:15:00,28.059999465942383,28.459999084472656,27.1200008392334,27.799999237060547,840452
2026-04-30 13:15:00,27.850000381469727,28.25,27.5,27.899999618530277,814823
2026-05-04 09:15:00,28.25,29.989999771118164,28.100000381469727,28.459999084472656,1957623
2026-05-04 13:15:00,28.459999084472656,29.239999771118164,28.059999465942383,29.1299991607666,1867217
2026-05-05 09:15:00,29.34000015258789,30.200000762939453,29.040000915527344,29.709999084472656,1405938
2026-05-05 13:15:00,29.729999542236328,29.88999938964844,29.399999618530277,29.649999618530277,907711
2026-05-06 09:15:00,30.0,30.790000915527344,29.700000762939453,30.149999618530277,1895438
2026-05-06 13:15:00,30.09000015258789,30.149999618530277,29.270000457763672,29.950000762939453,1247837
2026-05-07 09:15:00,30.040000915527344,30.899999618530277,29.690000534057617,29.940000534057617,1935518
2026-05-07 13:15:00,29.899999618530277,30.26000022888184,29.799999237060547,30.11000061035156,1210364
2026-05-08 09:15:00,27.8799991607666,28.299999237060547,27.100000381469727,27.100000381469727,9739822
2026-05-08 13:15:00,27.100000381469727,27.100000381469727,27.100000381469727,27.100000381469727,219020
2026-05-11 09:15:00,25.799999237060547,27.149999618530277,25.25,26.93000030517578,4334928
2026-05-11 13:15:00,26.899999618530277,27.0,26.5,26.88999938964844,1477126
2026-05-12 09:15:00,27.299999237060547,27.40999984741211,25.799999237060547,26.0,1548748
2026-05-12 13:15:00,26.0,26.0,25.149999618530277,25.440000534057617,1499593
2026-05-13 09:15:00,25.399999618530277,26.5,25.01000022888184,26.26000022888184,3821289
2026-05-13 13:15:00,26.270000457763672,26.3799991607666,25.88999938964844,26.040000915527344,625295
2026-05-14 09:15:00,26.399999618530277,27.15999984741211,26.01000022888184,27.11000061035156,1917764
2026-05-14 13:15:00,27.06999969482422,28.57999992370605,27.01000022888184,27.600000381469727,5314901
2026-05-15 09:15:00,27.75,27.989999771118164,26.790000915527344,26.8799991607666,690121
2026-05-15 13:15:00,26.8799991607666,27.020000457763672,26.5,26.700000762939453,709501
2026-05-18 09:15:00,26.40999984741211,26.57999992370605,25.01000022888184,25.32999992370605,981854
2026-05-18 13:15:00,25.36000061035156,25.75,24.959999084472656,25.700000762939453,900952
2026-05-19 09:15:00,25.01000022888184,25.489999771118164,24.549999237060547,25.25,282278
2026-05-19 13:15:00,25.0,25.239999771118164,24.71999931335449,24.88999938964844,429895
2026-05-20 09:15:00,24.600000381469727,25.299999237060547,24.5,24.950000762939453,357757
2026-05-20 13:15:00,24.950000762939453,26.0,24.899999618530277,25.68000030517578,304929
2026-05-21 09:15:00,26.049999237060547,26.049999237060547,24.40999984741211,25.1200008392334,247323
2026-05-21 13:15:00,25.200000762939453,25.25,24.8700008392334,25.020000457763672,270126
2026-05-22 09:15:00,25.0,25.549999237060547,24.899999618530277,25.450000762939453,226496
2026-05-22 13:15:00,25.399999618530277,25.440000534057617,24.850000381469727,25.0,427191
2026-05-25 09:15:00,26.0,26.25,25.21999931335449,26.25,46736
2026-05-25 13:15:00,26.25,26.25,26.25,26.25,29265
2026-05-26 09:15:00,27.559999465942383,27.559999465942383,26.25,27.559999465942383,900377
2026-05-26 13:15:00,27.559999465942383,27.559999465942383,27.559999465942383,27.559999465942383,51476
2026-05-27 09:15:00,27.950000762939453,28.93000030517578,27.950000762939453,28.93000030517578,516051
2026-05-27 13:15:00,28.93000030517578,28.93000030517578,28.93000030517578,28.93000030517578,54225
2026-05-29 09:15:00,30.3700008392334,30.3700008392334,29.15999984741211,30.3700008392334,2589684
2026-05-29 13:15:00,30.3700008392334,30.3700008392334,30.01000022888184,30.350000381469727,752844
2026-06-01 09:15:00,29.700000762939453,31.5,28.84000015258789,29.399999618530277,1736390
2026-06-01 13:15:00,29.43000030517578,29.700000762939453,29.100000381469727,29.489999771118164,519150
2026-06-02 09:15:00,28.899999618530277,29.600000381469727,28.049999237060547,28.149999618530277,542078
2026-06-02 13:15:00,28.149999618530277,29.190000534057617,28.07999992370605,28.57999992370605,347593
2026-06-03 09:15:00,28.200000762939453,29.049999237060547,27.700000762939453,28.200000762939453,385576
2026-06-03 13:15:00,28.100000381469727,30.0,27.75,29.75,976847
2026-06-04 09:15:00,29.5,30.5,29.25,30.149999618530277,789218
2026-06-04 13:15:00,30.149999618530277,30.149999618530277,29.540000915527344,29.71999931335449,354400
2026-06-05 09:15:00,29.950000762939453,29.950000762939453,28.1299991607666,28.1299991607666,807506
2026-06-05 13:15:00,28.1299991607666,28.280000686645508,28.1299991607666,28.200000762939453,217429
2026-06-08 09:15:00,27.0,27.700000762939453,26.90999984741211,27.18000030517578,146367
2026-06-08 13:15:00,27.190000534057617,27.5,26.809999465942383,27.0,458370
2026-06-09 09:15:00,26.950000762939453,28.290000915527344,26.950000762939453,27.899999618530277,247305
2026-06-09 13:15:00,27.899999618530277,28.0,27.5,27.709999084472656,211811
2026-06-10 09:15:00,27.700000762939453,28.0,27.270000457763672,27.600000381469727,262084
2026-06-10 13:15:00,27.61000061035156,27.850000381469727,27.0,27.290000915527344,271820
2026-06-11 09:15:00,27.5,28.100000381469727,26.100000381469727,26.989999771118164,263957
2026-06-11 13:15:00,26.8799991607666,26.90999984741211,26.100000381469727,26.25,462404
2026-06-12 09:15:00,26.790000915527344,27.559999465942383,26.790000915527344,27.5,381588
2026-06-12 13:15:00,27.559999465942383,27.559999465942383,27.5,27.559999465942383,140822
2026-06-15 09:15:00,28.299999237060547,28.899999618530277,28.209999084472656,28.65999984741211,254588
2026-06-15 13:15:00,28.520000457763672,28.75,28.149999618530277,28.239999771118164,271358
2026-06-16 09:15:00,28.600000381469727,28.770000457763672,27.75,28.030000686645508,191166
2026-06-16 13:15:00,28.170000076293945,28.5,27.989999771118164,28.34000015258789,195422
2026-06-17 09:15:00,28.450000762939453,28.600000381469727,27.5,27.520000457763672,436242
2026-06-17 13:15:00,27.520000457763672,27.989999771118164,27.5,27.549999237060547,292402
2026-06-18 09:15:00,27.600000381469727,28.600000381469727,27.200000762939453,28.57999992370605,310862
2026-06-18 13:15:00,28.57999992370605,28.600000381469727,28.350000381469727,28.43000030517578,328317
2026-06-19 09:15:00,28.68000030517578,28.68000030517578,27.790000915527344,28.049999237060547,251932
2026-06-19 13:15:00,28.020000457763672,28.489999771118164,28.0,28.209999084472656,217514
2026-06-22 09:15:00,28.489999771118164,29.540000915527344,28.200000762939453,29.0,432618
2026-06-22 13:15:00,28.90999984741211,29.25,28.399999618530277,28.5,319012
2026-06-23 09:15:00,28.799999237060547,29.399999618530277,28.399999618530277,28.649999618530277,214605
2026-06-23 13:15:00,28.770000457763672,29.200000762939453,28.450000762939453,28.59000015258789,151873
2026-06-24 09:15:00,28.459999084472656,28.790000915527344,27.799999237060547,28.149999618530277,173079
2026-06-24 13:15:00,28.13999938964844,28.5,27.170000076293945,27.809999465942383,468606
2026-06-25 09:15:00,28.0,28.07999992370605,27.25,27.520000457763672,144792
2026-06-25 13:15:00,27.690000534057617,27.84000015258789,27.020000457763672,27.25,237417
2026-06-29 09:15:00,27.56999969482422,27.68000030517578,26.75,26.850000381469727,238691
2026-06-29 13:15:00,27.489999771118164,27.76000022888184,27.0,27.270000457763672,124426
2026-06-30 09:15:00,27.270000457763672,27.270000457763672,27.0,27.100000381469727,104970
2026-06-30 13:15:00,27.06999969482422,27.239999771118164,26.76000022888184,27.100000381469727,307873
2026-07-01 09:15:00,27.100000381469727,27.489999771118164,26.75,27.059999465942383,184055
2026-07-01 13:15:00,27.059999465942383,27.229999542236328,26.57999992370605,26.700000762939453,273640
2026-07-02 09:15:00,26.799999237060547,27.149999618530277,25.950000762939453,26.200000762939453,697782
2026-07-02 13:15:00,26.0,26.489999771118164,25.899999618530277,26.290000915527344,279298
2026-07-03 09:15:00,26.3799991607666,26.690000534057617,26.0,26.399999618530277,263747
2026-07-03 13:15:00,26.399999618530277,26.450000762939453,26.01000022888184,26.06999969482422,150593
2026-07-06 09:15:00,26.350000381469727,26.75,25.5,25.700000762939453,465972
2026-07-06 13:15:00,25.549999237060547,25.989999771118164,25.5,25.809999465942383,110725
2026-07-07 09:15:00,26.5,26.5,25.25,25.65999984741211,241823
2026-07-07 13:15:00,25.65999984741211,25.65999984741211,25.11000061035156,25.209999084472656,147831
2026-07-08 09:15:00,25.450000762939453,26.01000022888184,25.1200008392334,25.700000762939453,122655
2026-07-08 13:15:00,25.770000457763672,25.799999237060547,24.75,24.81999969482422,252465
2026-07-09 09:15:00,25.43000030517578,25.979999542236328,24.899999618530277,25.350000381469727,113667
2026-07-09 13:15:00,25.350000381469727,25.51000022888184,25.25,25.38999938964844,76739
2026-07-10 09:15:00,25.51000022888184,25.989999771118164,25.51000022888184,25.65999984741211,113067
2026-07-10 13:15:00,25.709999084472656,25.799999237060547,25.61000061035156,25.65999984741211,129772
2026-07-13 09:15:00,26.07999992370605,26.07999992370605,25.049999237060547,25.31999969482422,142213
2026-07-13 13:15:00,25.31999969482422,25.549999237060547,25.200000762939453,25.309999465942383,110668
2026-07-14 09:15:00,25.309999465942383,25.38999938964844,24.899999618530277,24.899999618530277,146951
2026-07-14 13:15:00,24.899999618530277,25.13999938964844,24.850000381469727,25.0,107554
2026-07-15 09:15:00,25.0,25.3799991607666,24.65999984741211,25.229999542236328,345350
2026-07-15 13:15:00,25.190000534057617,25.190000534057617,24.549999237060547,25.13999938964844,200542
2026-07-16 09:15:00,25.040000915527344,25.200000762939453,24.5,24.799999237060547,125899
2026-07-16 13:15:00,24.799999237060547,24.8700008392334,24.56999969482422,24.65999984741211,160776
2026-07-17 09:15:00,24.549999237060547,24.989999771118164,24.420000076293945,24.549999237060547,119065
2026-07-17 13:15:00,24.549999237060547,24.96999931335449,24.350000381469727,24.5,111048
2026-07-20 09:15:00,24.700000762939453,24.700000762939453,24.149999618530277,24.21999931335449,64660
2026-07-20 13:15:00,24.21999931335449,24.450000762939453,24.21999931335449,24.32999992370605,137916
2026-07-21 09:15:00,24.299999237060547,24.75,24.149999618530277,24.450000762939453,52132
2026-07-21 13:15:00,24.450000762939453,24.899999618530277,24.25,24.68000030517578,109703
2026-07-22 09:15:00,24.940000534057617,24.940000534057617,24.1200008392334,24.5,108092
2026-07-22 13:15:00,24.5,24.799999237060547,24.31999969482422,24.59000015258789,65002
2026-07-23 09:15:00,24.5,25.809999465942383,24.299999237060547,24.850000381469727,235631
2026-07-23 13:15:00,24.850000381469727,25.100000381469727,24.450000762939453,24.600000381469727,93780
2026-07-24 09:15:00,24.5,24.899999618530277,24.149999618530277,24.38999938964844,67611
2026-07-24 13:15:00,24.600000381469727,25.75,24.399999618530277,25.51000022888184,339845
2026-07-27 09:15:00,25.520000457763672,26.149999618530277,25.520000457763672,25.75,262510
2026-07-27 13:15:00,25.75,25.940000534057617,25.549999237060547,25.649999618530277,177789
2026-07-28 09:15:00,25.709999084472656,25.790000915527344,24.90999984741211,24.989999771118164,92334
2026-07-28 13:15:00,24.989999771118164,24.989999771118164,24.43000030517578,24.43000030517578,409570
2026-07-29 09:15:00,24.0,24.290000915527344,23.209999084472656,23.3700008392334,369591
2026-07-29 13:15:00,23.3700008392334,23.940000534057617,23.350000381469727,23.600000381469727,303998
2026-07-30 09:15:00,23.0,24.5,23.0,24.07999992370605,288583
2026-07-30 13:15:00,24.030000686645508,24.09000015258789,23.600000381469727,23.8700008392334,123303
2026-07-31 09:15:00,24.299999237060547,24.299999237060547,23.88999938964844,24.149999618530277,146592
2026-07-31 13:15:00,24.149999618530277,24.489999771118164,24.07999992370605,24.290000915527344,182903
2026-08-03 09:15:00,24.350000381469727,25.0,24.34000015258789,24.8799991607666,172711
2026-08-03 13:15:00,24.93000030517578,24.93000030517578,24.350000381469727,24.729999542236328,84034
2026-08-04 09:15:00,24.899999618530277,25.059999465942383,24.299999237060547,24.3799991607666,160227
2026-08-04 13:15:00,24.3799991607666,24.6200008392334,24.239999771118164,24.36000061035156,65081
2026-08-05 09:15:00,24.399999618530277,24.56999969482422,24.030000686645508,24.100000381469727,173654
2026-08-05 13:15:00,24.100000381469727,24.46999931335449,24.030000686645508,24.13999938964844,105724
2026-08-06 09:15:00,24.489999771118164,25.059999465942383,24.299999237060547,24.739999771118164,363088
2026-08-06 13:15:00,24.739999771118164,24.950000762939453,24.5,24.709999084472656,147827
2026-08-07 09:15:00,24.709999084472656,25.020000457763672,24.31999969482422,24.739999771118164,132130
2026-08-07 13:15:00,24.719999313354492,24.989999771118164,24.65999984741211,24.889999389648438,147356
